entity_id,name
25714,Stan Lee
25715,Samuel L. Jackson
25716,Peter Dinklage
25717,Kit Harington
25718,Gwendoline Christie
25719,Jerome Flynn
25720,Rory McCann
25721,Emilia Clarke
25722,Sophie Turner
25723,Scarlett Johansson
25724,Nikolaj Coster-Waldau
25725,Lena Headey
25726,Liam Cunningham
25727,Maisie Williams
25728,Jacob Anderson
25729,John Bradley
25730,Conleth Hill
25731,Joe Dempsie
25732,Isaac Hempstead-Wright
25733,Danai Gurira
25734,Chris Evans
25735,Benedict Cumberbatch
25736,Tom Holland
25737,Vin Diesel
25738,Ross Marquand
25739,Chris Hemsworth
25740,Mark Ruffalo
25741,Dwayne Johnson
25742,Idris Elba
25743,Robert Downey Jr.
25744,Chris Pratt
25745,J.K. Simmons
25746,Sebastian Stan
25747,Dave Bautista
25748,Benedict Wong
25749,Josh Brolin
25750,Tom Hiddleston
25751,Anthony Mackie
25752,Karen Gillan
25753,Alan Tudyk
25754,Jon Favreau
25755,Willem Dafoe
25756,Cobie Smulders
25757,Bradley Cooper
25758,Don Cheadle
25759,Tessa Thompson
25760,Fred Tatasciore
25761,Jacob Batalon
25762,Warwick Davis
25763,Frank Welker
