"log_id","entity_id","action","created_ts","created_by","status","name"
1,1000,"create","2022-10-12 09:47:36.332566","CarbonArc","production","Bad Bunny"
2,1001,"create","2022-10-12 09:47:36.332566","CarbonArc","production","Taylor Swift"
3,1002,"create","2022-10-12 09:47:36.332566","CarbonArc","production","Drake"
4,1003,"create","2022-10-12 09:47:36.332566","CarbonArc","production","The Weeknd"
5,1004,"create","2022-10-12 09:47:36.332566","CarbonArc","production","Harry Styles"
6,1005,"create","2022-10-12 09:47:36.332566","CarbonArc","production","Kanye West"
7,1006,"create","2022-10-12 09:47:36.332566","CarbonArc","production","BTS"
8,1007,"create","2022-10-12 09:47:36.332566","CarbonArc","production","Ed Sheeran"
9,1008,"create","2022-10-12 09:47:36.332566","CarbonArc","production","Eminem"
10,1009,"create","2022-10-12 09:47:36.332566","CarbonArc","production","YoungBoy Never Broke Again"
11,1010,"create","2022-10-12 09:47:36.332566","CarbonArc","production","Juice WRLD"
12,1011,"create","2022-10-12 09:47:36.332566","CarbonArc","production","Billie Eilish"
13,1012,"create","2022-10-12 09:47:36.332566","CarbonArc","production","Doja Cat"
14,1013,"create","2022-10-12 09:47:36.332566","CarbonArc","production","Morgan Wallen"
15,1014,"create","2022-10-12 09:47:36.332566","CarbonArc","production","Justin Bieber"
16,1015,"create","2022-10-12 09:47:36.332566","CarbonArc","production","Post Malone"
17,1016,"create","2022-10-12 09:47:36.332566","CarbonArc","production","Adele"
18,1017,"create","2022-10-12 09:47:36.332566","CarbonArc","production","Imagine Dragons"
19,1018,"create","2022-10-12 09:47:36.332566","CarbonArc","production","Future"
20,1019,"create","2022-10-12 09:47:36.332566","CarbonArc","production","Kendrick Lamar"
21,1020,"create","2022-10-12 09:47:36.332566","CarbonArc","production","Rihanna"
22,1021,"create","2022-10-12 09:47:36.332566","CarbonArc","production","Olivia Rodrigo"
23,1022,"create","2022-10-12 09:47:36.332566","CarbonArc","production","XXXTENTACION"
24,1023,"create","2022-10-12 09:47:36.332566","CarbonArc","production","Ariana Grande"
25,1024,"create","2022-10-12 09:47:36.332566","CarbonArc","production","J. Cole"
26,1025,"create","2022-10-12 09:47:36.332566","CarbonArc","production","Pop Smoke"
27,1026,"create","2022-10-12 09:47:36.332566","CarbonArc","production","Luke Combs"
28,1027,"create","2022-10-12 09:47:36.332566","CarbonArc","production","The Beatles"
29,1028,"create","2022-10-12 09:47:36.332566","CarbonArc","production","Rod Wave"
30,1029,"create","2022-10-12 09:47:36.332566","CarbonArc","production","Beyoncé"
31,1030,"create","2022-10-12 09:47:36.332566","CarbonArc","production","Coldplay"
32,1031,"create","2022-10-12 09:47:36.332566","CarbonArc","production","Bruno Mars"
33,1032,"create","2022-10-12 09:47:36.332566","CarbonArc","production","Jack Harlow"
34,1033,"create","2022-10-12 09:47:36.332566","CarbonArc","production","$uicideboy$"
35,1034,"create","2022-10-12 09:47:36.332566","CarbonArc","production","Maroon 5"
36,1035,"create","2022-10-12 09:47:36.332566","CarbonArc","production","Lil Durk"
37,1036,"create","2022-10-12 09:47:36.332566","CarbonArc","production","Lana Del Rey"
38,1037,"create","2022-10-12 09:47:36.332566","CarbonArc","production","Dua Lipa"
39,1038,"create","2022-10-12 09:47:36.332566","CarbonArc","production","Lil Uzi Vert"
40,1039,"create","2022-10-12 09:47:36.332566","CarbonArc","production","Queen"
41,1040,"create","2022-10-12 09:47:36.332566","CarbonArc","production","Mac Miller"
42,1041,"create","2022-10-12 09:47:36.332566","CarbonArc","production","One Direction"
43,1042,"create","2022-10-12 09:47:36.332566","CarbonArc","production","Lil Baby"
44,1043,"create","2022-10-12 09:47:36.332566","CarbonArc","production","Polo G"
45,1044,"create","2022-10-12 09:47:36.332566","CarbonArc","production","The Neighbourhood"
46,1045,"create","2022-10-12 09:47:36.332566","CarbonArc","production","Tyler, The Creator"
47,1046,"create","2022-10-12 09:47:36.332566","CarbonArc","production","The Kid LAROI"
48,1047,"create","2022-10-12 09:47:36.332566","CarbonArc","production","Yeat"
49,1048,"create","2022-10-12 09:47:36.332566","CarbonArc","production","Frank Ocean"
50,1049,"create","2022-10-12 09:47:36.332566","CarbonArc","production","Kodak Black"
51,1050,"create","2022-10-12 09:47:36.332566","CarbonArc","production","Red Hot Chili Peppers"
52,1051,"create","2022-10-12 09:47:36.332566","CarbonArc","production","Arctic Monkeys"
53,1052,"create","2022-10-12 09:47:36.332566","CarbonArc","production","Travis Scott"
54,1053,"create","2022-10-12 09:47:36.332566","CarbonArc","production","Lady Gaga"
55,1054,"create","2022-10-12 09:47:36.332566","CarbonArc","production","Gunna"
56,1055,"create","2022-10-12 09:47:36.332566","CarbonArc","production","OneRepublic"
57,1056,"create","2022-10-12 09:47:36.332566","CarbonArc","production","Joji"
58,1057,"create","2022-10-12 09:47:36.332566","CarbonArc","production","Shawn Mendes"
59,1058,"create","2022-10-12 09:47:36.332566","CarbonArc","production","Linkin Park"
60,1059,"create","2022-10-12 09:47:36.332566","CarbonArc","production","Katy Perry"
61,1060,"create","2022-10-12 09:47:36.332566","CarbonArc","production","Michael Jackson"
62,1061,"create","2022-10-12 09:47:36.332566","CarbonArc","production","Glass Animals"
63,1062,"create","2022-10-12 09:47:36.332566","CarbonArc","production","Zach Bryan"
64,1063,"create","2022-10-12 09:47:36.332566","CarbonArc","production","Metallica"
65,1064,"create","2022-10-12 09:47:36.332566","CarbonArc","production","AC/DC"
66,1065,"create","2022-10-12 09:47:36.332566","CarbonArc","production","Nirvana"
67,1066,"create","2022-10-12 09:47:36.332566","CarbonArc","production","Chris Brown"
68,1067,"create","2022-10-12 09:47:36.332566","CarbonArc","production","Nicki Minaj"
69,1068,"create","2022-10-12 09:47:36.332566","CarbonArc","production","Lil Wayne"
70,1069,"create","2022-10-12 09:47:36.332566","CarbonArc","production","TWICE"
71,1070,"create","2022-10-12 09:47:36.332566","CarbonArc","production","Twenty One Pilots"
72,1071,"create","2022-10-12 09:47:36.332566","CarbonArc","production","Fleetwood Mac"
73,1072,"create","2022-10-12 09:47:36.332566","CarbonArc","production","NF"
74,1073,"create","2022-10-12 09:47:36.332566","CarbonArc","production","Playboi Carti"
75,1074,"create","2022-10-12 09:47:36.332566","CarbonArc","production","2Pac"
76,1075,"create","2022-10-12 09:47:36.332566","CarbonArc","production","Steve Lacy"
77,1076,"create","2022-10-12 09:47:36.332566","CarbonArc","production","Chris Stapleton"
78,1077,"create","2022-10-12 09:47:36.332566","CarbonArc","production","Kevin Gates"
79,1078,"create","2022-10-12 09:47:36.332566","CarbonArc","production","Kid Cudi"
80,1079,"create","2022-10-12 09:47:36.332566","CarbonArc","production","Miley Cyrus"
81,1080,"create","2022-10-12 09:47:36.332566","CarbonArc","production","Bizarrap"
82,1081,"create","2022-10-12 09:47:36.332566","CarbonArc","production","BLACKPINK"
83,1082,"create","2022-10-12 09:47:36.332566","CarbonArc","production","Lil Peep"
84,1083,"create","2022-10-12 09:47:36.332566","CarbonArc","production","A Boogie Wit da Hoodie"
85,1084,"create","2022-10-12 09:47:36.332566","CarbonArc","production","Sam Smith"
86,1085,"create","2022-10-12 09:47:36.332566","CarbonArc","production","50 Cent"
87,1086,"create","2022-10-12 09:47:36.332566","CarbonArc","production","Lil Nas X"
88,1087,"create","2022-10-12 09:47:36.332566","CarbonArc","production","Mitski"
89,1088,"create","2022-10-12 09:47:36.332566","CarbonArc","production","Megan Thee Stallion"
90,1089,"create","2022-10-12 09:47:36.332566","CarbonArc","production","Halsey"
91,1090,"create","2022-10-12 09:47:36.332566","CarbonArc","production","DaBaby"
92,1091,"create","2022-10-12 09:47:36.332566","CarbonArc","production","Conan Gray"
93,1092,"create","2022-10-12 09:47:36.332566","CarbonArc","production","Brent Faiyaz"
94,1093,"create","2022-10-12 09:47:36.332566","CarbonArc","production","Lil Tjay"
95,1094,"create","2022-10-12 09:47:36.332566","CarbonArc","production","Jason Aldean"
96,1095,"create","2022-10-12 09:47:36.332566","CarbonArc","production","KAROL G"
97,1096,"create","2022-10-12 09:47:36.332566","CarbonArc","production","Rauw Alejandro"
98,1097,"create","2022-10-12 09:47:36.332566","CarbonArc","production","Charlie Puth"
99,1098,"create","2022-10-12 09:47:36.332566","CarbonArc","production","Panic! At The Disco"
100,1099,"create","2022-10-12 09:47:36.332566","CarbonArc","production","Elton John"
101,1100,"create","2022-10-12 09:47:36.332566","CarbonArc","production","Tate McRae"
102,1101,"create","2022-10-12 09:47:36.332566","CarbonArc","production","Camila Cabello"
103,1102,"create","2022-10-12 09:47:36.332566","CarbonArc","production","Melanie Martinez"
104,1103,"create","2022-10-12 09:47:36.332566","CarbonArc","production","Sia"
105,1104,"create","2022-10-12 09:47:36.332566","CarbonArc","production","SZA"
106,1105,"create","2022-10-12 09:47:36.332566","CarbonArc","production","Khalid"
107,1106,"create","2022-10-12 09:47:36.332566","CarbonArc","production","King Von"
108,1107,"create","2022-10-12 09:47:36.332566","CarbonArc","production","Guns N' Roses"
109,1108,"create","2022-10-12 09:47:36.332566","CarbonArc","production","Lizzo"
110,1109,"create","2022-10-12 09:47:36.332566","CarbonArc","production","Machine Gun Kelly"
111,1110,"create","2022-10-12 09:47:36.332566","CarbonArc","production","ABBA"
112,1111,"create","2022-10-12 09:47:36.332566","CarbonArc","production","Childish Gambino"
113,1112,"create","2022-10-12 09:47:36.332566","CarbonArc","production","Anuel AA"
114,1113,"create","2022-10-12 09:47:36.332566","CarbonArc","production","Tame Impala"
115,1114,"create","2022-10-12 09:47:36.332566","CarbonArc","production","Green Day"
116,1115,"create","2022-10-12 09:47:36.332566","CarbonArc","production","Ozuna"
117,1116,"create","2022-10-12 09:47:36.332566","CarbonArc","production","Daddy Yankee"
118,1117,"create","2022-10-12 09:47:36.332566","CarbonArc","production","Black Eyed Peas"
119,1118,"create","2022-10-12 09:47:36.332566","CarbonArc","production","Giveon"
120,1119,"create","2022-10-12 09:47:36.332566","CarbonArc","production","5 Seconds of Summer"
121,1120,"create","2022-10-12 09:47:36.332566","CarbonArc","production","Stray Kids"
122,1121,"create","2022-10-12 09:47:36.332566","CarbonArc","production","Burna Boy"
123,1122,"create","2022-10-12 09:47:36.332566","CarbonArc","production","Pink Floyd"
124,1123,"create","2022-10-12 09:47:36.332566","CarbonArc","production","NLE Choppa"
125,1124,"create","2022-10-12 09:47:36.332566","CarbonArc","production","Avicii"
126,1125,"create","2022-10-12 09:47:36.332566","CarbonArc","production","The Lumineers"
127,1126,"create","2022-10-12 09:47:36.332566","CarbonArc","production","Lewis Capaldi"
128,1127,"create","2022-10-12 09:47:36.332566","CarbonArc","production","Trippie Redd"
129,1128,"create","2022-10-12 09:47:36.332566","CarbonArc","production","Luke Bryan"
130,1129,"create","2022-10-12 09:47:36.332566","CarbonArc","production","Britney Spears"
131,1130,"create","2022-10-12 09:47:36.332566","CarbonArc","production","Moneybagg Yo"
132,1131,"create","2022-10-12 09:47:36.332566","CarbonArc","production","The Rolling Stones"
133,1132,"create","2022-10-12 09:47:36.332566","CarbonArc","production","Grupo Firme"
134,1133,"create","2022-10-12 09:47:36.332566","CarbonArc","production","Rex Orange County"
135,1134,"create","2022-10-12 09:47:36.332566","CarbonArc","production","The Notorious B.I.G."
136,1135,"create","2022-10-12 09:47:36.332566","CarbonArc","production","Fall Out Boy"
137,1136,"create","2022-10-12 09:47:36.332566","CarbonArc","production","Labrinth"
138,1137,"create","2022-10-12 09:47:36.332566","CarbonArc","production","Russ"
139,1138,"create","2022-10-12 09:47:36.332566","CarbonArc","production","Led Zeppelin"
140,1139,"create","2022-10-12 09:47:36.332566","CarbonArc","production","Aventura"
141,1140,"create","2022-10-12 09:47:36.332566","CarbonArc","production","Bob Marley & The Wailers"
142,1141,"create","2022-10-12 09:47:36.332566","CarbonArc","production","Eagles"
143,1142,"create","2022-10-12 09:47:36.332566","CarbonArc","production","The Eagles"
144,1143,"create","2022-10-12 09:47:36.332566","CarbonArc","production","John Mayer"
145,1144,"create","2022-10-12 09:47:36.332566","CarbonArc","production","Gorillaz"
146,1145,"create","2022-10-12 09:47:36.332566","CarbonArc","production","Sleep Fruits Music"
147,1146,"create","2022-10-12 09:47:36.332566","CarbonArc","production","Chase Atlantic"
148,1147,"create","2022-10-12 09:47:36.332566","CarbonArc","production","Dr. Dre"
149,1148,"create","2022-10-12 09:47:36.332566","CarbonArc","production","Luis Miguel"
150,1149,"create","2022-10-12 09:47:36.332566","CarbonArc","production","Billy Joel"
151,1150,"create","2022-10-12 09:47:36.332566","CarbonArc","production","Tory Lanez"
152,1151,"create","2022-10-12 09:47:36.332566","CarbonArc","production","Slipknot"
153,1152,"create","2022-10-12 09:47:36.332566","CarbonArc","production","Marília Mendonça"
154,1153,"create","2022-10-12 09:47:36.332566","CarbonArc","production","Måneskin"
155,1154,"create","2022-10-12 09:47:36.332566","CarbonArc","production","Cigarettes After Sex"
156,1155,"create","2022-10-12 09:47:36.332566","CarbonArc","production","Radiohead"
157,1156,"create","2022-10-12 09:47:36.332566","CarbonArc","production","Foo Fighters"
158,1157,"create","2022-10-12 09:47:36.332566","CarbonArc","production","Elvis Presley"
159,1158,"create","2022-10-12 09:47:36.332566","CarbonArc","production","Creedence Clearwater Revival"
160,1159,"create","2022-10-12 09:47:36.332566","CarbonArc","production","JAY-Z"
161,1160,"create","2022-10-12 09:47:36.332566","CarbonArc","production","Demi Lovato"
162,1161,"create","2022-10-12 09:47:36.332566","CarbonArc","production","System Of A Down"
163,1162,"create","2022-10-12 09:47:36.332566","CarbonArc","production","P!nk"
164,1163,"create","2022-10-12 09:47:36.332566","CarbonArc","production","Roddy Ricch"
165,1164,"create","2022-10-12 09:47:36.332566","CarbonArc","production","Pitbull"
166,1165,"create","2022-10-12 09:47:36.332566","CarbonArc","production","Thomas Rhett"
167,1166,"create","2022-10-12 09:47:36.332566","CarbonArc","production","BoyWithUke"
168,1167,"create","2022-10-12 09:47:36.332566","CarbonArc","production","My Chemical Romance"
169,1168,"create","2022-10-12 09:47:36.332566","CarbonArc","production","Christian Nodal"
170,1169,"create","2022-10-12 09:47:36.332566","CarbonArc","production","James Arthur"
171,1170,"create","2022-10-12 09:47:36.332566","CarbonArc","production","Rammstein"
172,1171,"create","2022-10-12 09:47:36.332566","CarbonArc","production","Bon Jovi"
173,1172,"create","2022-10-12 09:47:36.332566","CarbonArc","production","Becky G"
174,1173,"create","2022-10-12 09:47:36.332566","CarbonArc","production","Cody Johnson"
175,1174,"create","2022-10-12 09:47:36.332566","CarbonArc","production","Maluma"
176,1175,"create","2022-10-12 09:47:36.332566","CarbonArc","production","ROSALÍA"
177,1176,"create","2022-10-12 09:47:36.332566","CarbonArc","production","Don Omar"
178,1177,"create","2022-10-12 09:47:36.332566","CarbonArc","production","Kane Brown"
179,1178,"create","2022-10-12 09:47:36.332566","CarbonArc","production","Paramore"
180,1179,"create","2022-10-12 09:47:36.332566","CarbonArc","production","Seventeen"
181,1180,"create","2022-10-12 09:47:36.332566","CarbonArc","production","AJR"
182,1181,"create","2022-10-12 09:47:36.332566","CarbonArc","production","Summer Walker"
183,1182,"create","2022-10-12 09:47:36.332566","CarbonArc","production","The Killers"
184,1183,"create","2022-10-12 09:47:36.332566","CarbonArc","production","Calibre 50"
185,1184,"create","2022-10-12 09:47:36.332566","CarbonArc","production","Nickelback"
186,1185,"create","2022-10-12 09:47:36.332566","CarbonArc","production","Avril Lavigne"
187,1186,"create","2022-10-12 09:47:36.332566","CarbonArc","production","Bryson Tiller"
188,1187,"create","2022-10-12 09:47:36.332566","CarbonArc","production","Lorde"
189,1188,"create","2022-10-12 09:47:36.332566","CarbonArc","production","Five Finger Death Punch"
190,1189,"create","2022-10-12 09:47:36.332566","CarbonArc","production","GAYLE"
191,1190,"create","2022-10-12 09:47:36.332566","CarbonArc","production","Lil Tecca"
192,1191,"create","2022-10-12 09:47:36.332566","CarbonArc","production","Young Dolph"
193,1192,"create","2022-10-12 09:47:36.332566","CarbonArc","production","George Strait"
194,1193,"create","2022-10-12 09:47:36.332566","CarbonArc","production","blink-182"
195,1194,"create","2022-10-12 09:47:36.332566","CarbonArc","production","Key Glock"
196,1195,"create","2022-10-12 09:47:36.332566","CarbonArc","production","Sleepy Hallow"
197,1196,"create","2022-10-12 09:47:36.332566","CarbonArc","production","Journey"
198,1197,"create","2022-10-12 09:47:36.332566","CarbonArc","production","Eslabon Armado"
199,1198,"create","2022-10-12 09:47:36.332566","CarbonArc","production","Baby Keem"
200,1199,"create","2022-10-12 09:47:36.332566","CarbonArc","production","Alec Benjamin"
201,1200,"create","2022-10-12 09:47:36.332566","CarbonArc","production","U2"
202,1201,"create","2022-10-12 09:47:36.332566","CarbonArc","production","Migos"
203,1202,"create","2022-10-12 09:47:36.332566","CarbonArc","production","Hozier"
204,1203,"create","2022-10-12 09:47:36.332566","CarbonArc","production","Junior H"
205,1204,"create","2022-10-12 09:47:36.332566","CarbonArc","production","Jack Johnson"
206,1205,"create","2022-10-12 09:47:36.332566","CarbonArc","production","Kate Bush"
207,1206,"create","2022-10-12 09:47:36.332566","CarbonArc","production","Sebastian Yatra"
208,1207,"create","2022-10-12 09:47:36.332566","CarbonArc","production","Ava Max"
209,1208,"create","2022-10-12 09:47:36.332566","CarbonArc","production","Florida Georgia Line"
210,1209,"create","2022-10-12 09:47:36.332566","CarbonArc","production","Mariah Carey"
211,1210,"create","2022-10-12 09:47:36.332566","CarbonArc","production","Three Days Grace"
212,1211,"create","2022-10-12 09:47:36.332566","CarbonArc","production","Tyler Childers"
213,1212,"create","2022-10-12 09:47:36.332566","CarbonArc","production","YNW Melly"
214,1213,"create","2022-10-12 09:47:36.332566","CarbonArc","production","YOASOBI"
215,1214,"create","2022-10-12 09:47:36.332566","CarbonArc","production","Eladio Carrion"
216,1215,"create","2022-10-12 09:47:36.332566","CarbonArc","production","Romeo Santos"
217,1216,"create","2022-10-12 09:47:36.332566","CarbonArc","production","Mac DeMarco"
218,1217,"create","2022-10-12 09:47:36.332566","CarbonArc","production","The Chainsmokers"
219,1218,"create","2022-10-12 09:47:36.332566","CarbonArc","production","Young Thug"
220,1219,"create","2022-10-12 09:47:36.332566","CarbonArc","production","girl in red"
221,1220,"create","2022-10-12 09:47:36.332566","CarbonArc","production","Logic"
222,1221,"create","2022-10-12 09:47:36.332566","CarbonArc","production","Duki"
223,1222,"create","2022-10-12 09:47:36.332566","CarbonArc","production","Lauv"
224,1223,"create","2022-10-12 09:47:36.332566","CarbonArc","production","Usher"
225,1224,"create","2022-10-12 09:47:36.332566","CarbonArc","production","DJ Khaled"
226,1225,"create","2022-10-12 09:47:36.332566","CarbonArc","production","Eric Church"
227,1226,"create","2022-10-12 09:47:36.332566","CarbonArc","production","Don Toliver"
228,1227,"create","2022-10-12 09:47:36.332566","CarbonArc","production","Shakira"
229,1228,"create","2022-10-12 09:47:36.332566","CarbonArc","production","blackbear"
230,1229,"create","2022-10-12 09:47:36.332566","CarbonArc","production","Aerosmith"
231,1230,"create","2022-10-12 09:47:36.332566","CarbonArc","production","CKay"
232,1231,"create","2022-10-12 09:47:36.332566","CarbonArc","production","Bee Gees"
233,1232,"create","2022-10-12 09:47:36.332566","CarbonArc","production","Jhené Aiko"
234,1233,"create","2022-10-12 09:47:36.332566","CarbonArc","production","Jason Derulo"
235,1234,"create","2022-10-12 09:47:36.332566","CarbonArc","production","Outkast"
236,1235,"create","2022-10-12 09:47:36.332566","CarbonArc","production","Madonna"
237,1236,"create","2022-10-12 09:47:36.332566","CarbonArc","production","Central Cee"
238,1237,"create","2022-10-12 09:47:36.332566","CarbonArc","production","Vance Joy"
239,1238,"create","2022-10-12 09:47:36.332566","CarbonArc","production","Jon Pardi"
240,1239,"create","2022-10-12 09:47:36.332566","CarbonArc","production","Gusttavo Lima"
241,1240,"create","2022-10-12 09:47:36.332566","CarbonArc","production","Vicente Fernández"
242,1241,"create","2022-10-12 09:47:36.332566","CarbonArc","production","Kali Uchis"
243,1242,"create","2022-10-12 09:47:36.332566","CarbonArc","production","Bring Me The Horizon"
244,1243,"create","2022-10-12 09:47:36.332566","CarbonArc","production","Justin Timberlake"
245,1244,"create","2022-10-12 09:47:36.332566","CarbonArc","production","Farruko"
246,1245,"create","2022-10-12 09:47:36.332566","CarbonArc","production","Cage The Elephant"
247,1246,"create","2022-10-12 09:47:36.332566","CarbonArc","production","Florence + The Machine"
248,1247,"create","2022-10-12 09:47:36.332566","CarbonArc","production","TOMORROW X TOGETHER"
249,1248,"create","2022-10-12 09:47:36.332566","CarbonArc","production","Selena Gomez"
250,1249,"create","2022-10-12 09:47:36.332566","CarbonArc","production","Pooh Shiesty"
251,1250,"create","2022-10-12 09:47:36.332566","CarbonArc","production","Little Mix"
252,1251,"create","2022-10-12 09:47:36.332566","CarbonArc","production","Alicia Keys"
253,1252,"create","2022-10-12 09:47:36.332566","CarbonArc","production","Myke Towers"
254,1253,"create","2022-10-12 09:47:36.332566","CarbonArc","production","Paulo Londra"
255,1254,"create","2022-10-12 09:47:36.332566","CarbonArc","production","Deftones"
256,1255,"create","2022-10-12 09:47:36.332566","CarbonArc","production","The Offspring"
257,1256,"create","2022-10-12 09:47:36.332566","CarbonArc","production","Kenny Chesney"
258,1257,"create","2022-10-12 09:47:36.332566","CarbonArc","production","Akon"
259,1258,"create","2022-10-12 09:47:36.332566","CarbonArc","production","Lee Brice"
260,1259,"create","2022-10-12 09:47:36.332566","CarbonArc","production","Luis R Conriquez"
261,1260,"create","2022-10-12 09:47:36.332566","CarbonArc","production","Tim McGraw"
262,1261,"create","2022-10-12 09:47:36.332566","CarbonArc","production","Clairo"
263,1262,"create","2022-10-12 09:47:36.332566","CarbonArc","production","Weezer"
264,1263,"create","2022-10-12 09:47:36.332566","CarbonArc","production","Feid"
265,1264,"create","2022-10-12 09:47:36.332566","CarbonArc","production","The Strokes"
266,1265,"create","2022-10-12 09:47:36.332566","CarbonArc","production","ENHYPEN"
267,1266,"create","2022-10-12 09:47:36.332566","CarbonArc","production","Cavetown"
268,1267,"create","2022-10-12 09:47:36.332566","CarbonArc","production","Zac Brown Band"
269,1268,"create","2022-10-12 09:47:36.332566","CarbonArc","production","Miranda Lambert"
270,1269,"create","2022-10-12 09:47:36.332566","CarbonArc","production","Kevin Kaarl"
271,1270,"create","2022-10-12 09:47:36.332566","CarbonArc","production","Sam Hunt"
272,1271,"create","2022-10-12 09:47:36.332566","CarbonArc","production","A$AP Rocky"
273,1272,"create","2022-10-12 09:47:36.332566","CarbonArc","production","Morat"
274,1273,"create","2022-10-12 09:47:36.332566","CarbonArc","production","Calvin Harris"
275,1274,"create","2022-10-12 09:47:36.332566","CarbonArc","production","Stevie Wonder"
276,1275,"create","2022-10-12 09:47:36.332566","CarbonArc","production","Jul"
277,1276,"create","2022-10-12 09:47:36.332566","CarbonArc","production","Disturbed"
278,1277,"create","2022-10-12 09:47:36.332566","CarbonArc","production","Jay Chou"
279,1278,"create","2022-10-12 09:47:36.332566","CarbonArc","production","Pearl Jam"
280,1279,"create","2022-10-12 09:47:36.332566","CarbonArc","production","Blake Shelton"
281,1280,"create","2022-10-12 09:47:36.332566","CarbonArc","production","Carrie Underwood"
282,1281,"create","2022-10-12 09:47:36.332566","CarbonArc","production","Lynyrd Skynyrd"
283,1282,"create","2022-10-12 09:47:36.332566","CarbonArc","production","Muse"
284,1283,"create","2022-10-12 09:47:36.332566","CarbonArc","production","David Bowie"
285,1284,"create","2022-10-12 09:47:36.332566","CarbonArc","production","Jordan Davis"
286,1285,"create","2022-10-12 09:47:36.332566","CarbonArc","production","Johnny Cash"
287,1286,"create","2022-10-12 09:47:36.332566","CarbonArc","production","Meek Mill"
288,1287,"create","2022-10-12 09:47:36.332566","CarbonArc","production","Dan + Shay"
289,1288,"create","2022-10-12 09:47:36.332566","CarbonArc","production","Alan Jackson"
290,1289,"create","2022-10-12 09:47:36.332566","CarbonArc","production","Enrique Iglesias"
291,1290,"create","2022-10-12 09:47:36.332566","CarbonArc","production","Shinedown"
292,1291,"create","2022-10-12 09:47:36.332566","CarbonArc","production","Phil Collins"
293,1292,"create","2022-10-12 09:47:36.332566","CarbonArc","production","Backstreet Boys"
294,1293,"create","2022-10-12 09:47:36.332566","CarbonArc","production","Meghan Trainor"
295,1294,"create","2022-10-12 09:47:36.332566","CarbonArc","production","Oasis"
296,1295,"create","2022-10-12 09:47:36.332566","CarbonArc","production","Ninho"
297,1296,"create","2022-10-12 09:47:36.332566","CarbonArc","production","Whitney Houston"
298,1297,"create","2022-10-12 09:47:36.332566","CarbonArc","production","Frank Sinatra"
299,1298,"create","2022-10-12 09:47:36.332566","CarbonArc","production","Chief Keef"
300,1299,"create","2022-10-12 09:47:36.332566","CarbonArc","production","Kehlani"
301,1300,"create","2022-10-12 09:47:36.332566","CarbonArc","production","Korn"
302,1301,"create","2022-10-12 09:47:36.332566","CarbonArc","production","The Police"
303,1302,"create","2022-10-12 09:47:36.332566","CarbonArc","production","Flo Rida"
304,1303,"create","2022-10-12 09:47:36.332566","CarbonArc","production","Bazzi"
305,1304,"create","2022-10-12 09:47:36.332566","CarbonArc","production","Lauren Spencer-Smith"
306,1305,"create","2022-10-12 09:47:36.332566","CarbonArc","production","Her"
307,1306,"create","2022-10-12 09:47:36.332566","CarbonArc","production","H.E.R."
308,1307,"create","2022-10-12 09:47:36.332566","CarbonArc","production","Carin Leon"
309,1308,"create","2022-10-12 09:47:36.332566","CarbonArc","production","The 1975"
310,1309,"create","2022-10-12 09:47:36.332566","CarbonArc","production","Mother Mother"
311,1310,"create","2022-10-12 09:47:36.332566","CarbonArc","production","Ellie Goulding"
312,1311,"create","2022-10-12 09:47:36.332566","CarbonArc","production","Bruce Springsteen"
313,1312,"create","2022-10-12 09:47:36.332566","CarbonArc","production","Kings of Leon"
314,1313,"create","2022-10-12 09:47:36.332566","CarbonArc","production","Ice Cube"
315,1314,"create","2022-10-12 09:47:36.332566","CarbonArc","production","Ricardo Arjona"
316,1315,"create","2022-10-12 09:47:36.332566","CarbonArc","production","Cocomelon"
317,1316,"create","2022-10-12 09:47:36.332566","CarbonArc","production","Jorge & Mateus"
318,1317,"create","2022-10-12 09:47:36.332566","CarbonArc","production","Walker Hayes"
319,1318,"create","2022-10-12 09:47:36.332566","CarbonArc","production","Avenged Sevenfold"
320,1319,"create","2022-10-12 09:47:36.332566","CarbonArc","production","Nelly"
321,1320,"create","2022-10-12 09:47:36.332566","CarbonArc","production","Jaymes Young"
322,1321,"create","2022-10-12 09:47:36.332566","CarbonArc","production","Fuerza Regida"
323,1322,"create","2022-10-12 09:47:36.332566","CarbonArc","production","Danny Ocean"
324,1323,"create","2022-10-12 09:47:36.332566","CarbonArc","production","Kidz Bop Kids"
325,1324,"create","2022-10-12 09:47:36.332566","CarbonArc","production","Daft Punk"
326,1325,"create","2022-10-12 09:47:36.332566","CarbonArc","production","Gucci Mane"
327,1326,"create","2022-10-12 09:47:36.332566","CarbonArc","production","Sidhu Moose Wala"
328,1327,"create","2022-10-12 09:47:36.332566","CarbonArc","production","Michael Bublé"
329,1328,"create","2022-10-12 09:47:36.332566","CarbonArc","production","David Guetta"
330,1329,"create","2022-10-12 09:47:36.332566","CarbonArc","production","Los Temerarios"
331,1330,"create","2022-10-12 09:47:36.332566","CarbonArc","production","Kesha"
332,1331,"create","2022-10-12 09:47:36.332566","CarbonArc","production","Tones And I"
333,1332,"create","2022-10-12 09:47:36.332566","CarbonArc","production","Tyga"
334,1333,"create","2022-10-12 09:47:36.332566","CarbonArc","production","Big Sean"
335,1334,"create","2022-10-12 09:47:36.332566","CarbonArc","production","Ado"
336,1335,"create","2022-10-12 09:47:36.332566","CarbonArc","production","Ne-Yo"
337,1336,"create","2022-10-12 09:47:36.332566","CarbonArc","production","George Ezra"
338,1337,"create","2022-10-12 09:47:36.332566","CarbonArc","production","WILLOW"
339,1338,"create","2022-10-12 09:47:36.332566","CarbonArc","production","Dire Straits"
340,1339,"create","2022-10-12 09:47:36.332566","CarbonArc","production","AP Dhillon"
341,1340,"create","2022-10-12 09:47:36.332566","CarbonArc","production","Bo Burnham"
342,1341,"create","2022-10-12 09:47:36.332566","CarbonArc","production","Jay Wheeler"
343,1342,"create","2022-10-12 09:47:36.332566","CarbonArc","production","Anitta"
344,1343,"create","2022-10-12 09:47:36.332566","CarbonArc","production","Nio Garcia"
345,1344,"create","2022-10-12 09:47:36.332566","CarbonArc","production","Tom Odell"
346,1345,"create","2022-10-12 09:47:36.332566","CarbonArc","production","Joan Sebastian"
347,1346,"create","2022-10-12 09:47:36.332566","CarbonArc","production","Van Halen"
348,1347,"create","2022-10-12 09:47:36.332566","CarbonArc","production","Natanael Cano"
349,1348,"create","2022-10-12 09:47:36.332566","CarbonArc","production","21 Savage"
350,1349,"create","2022-10-12 09:47:36.332566","CarbonArc","production","Cardi B"
351,1350,"create","2022-10-12 09:47:36.332566","CarbonArc","production","Dean Lewis"
352,1351,"create","2022-10-12 09:47:36.332566","CarbonArc","production","Maná"
353,1352,"create","2022-10-12 09:47:36.332566","CarbonArc","production","Bryan Adams"
354,1353,"create","2022-10-12 09:47:36.332566","CarbonArc","production","Los Tigres Del Norte"
355,1354,"create","2022-10-12 09:47:36.332566","CarbonArc","production","Joyner Lucas"
356,1355,"create","2022-10-12 09:47:36.332566","CarbonArc","production","LISA"
357,1356,"create","2022-10-12 09:47:36.332566","CarbonArc","production","Rels B"
358,1357,"create","2022-10-12 09:47:36.332566","CarbonArc","production","John Legend"
359,1358,"create","2022-10-12 09:47:36.332566","CarbonArc","production","Cartel De Santa"
360,1359,"create","2022-10-12 09:47:36.332566","CarbonArc","production","Mora"
361,1360,"create","2022-10-12 09:47:36.332566","CarbonArc","production","Kelly Clarkson"
362,1361,"create","2022-10-12 09:47:36.332566","CarbonArc","production","Marca MP"
363,1362,"create","2022-10-12 09:47:36.332566","CarbonArc","production","Skillet"
364,1363,"create","2022-10-12 09:47:36.332566","CarbonArc","production","Troye Sivan"
365,1364,"create","2022-10-12 09:47:36.332566","CarbonArc","production","Cole Swindell"
366,1365,"create","2022-10-12 09:47:36.332566","CarbonArc","production","Wiz Khalifa"
367,1366,"create","2022-10-12 09:47:36.332566","CarbonArc","production","Train"
368,1367,"create","2022-10-12 09:47:36.332566","CarbonArc","production","J Balvin"
369,1368,"create","2022-10-12 09:47:36.332566","CarbonArc","production","Ella Mai"
370,1369,"create","2022-10-12 09:47:36.332566","CarbonArc","production","keshi"
371,1370,"create","2022-10-12 09:47:36.332566","CarbonArc","production","Marc Anthony"
372,1371,"create","2022-10-12 09:47:36.332566","CarbonArc","production","The Beach Boys"
373,1372,"create","2022-10-12 09:47:36.332566","CarbonArc","production","Sublime"
374,1373,"create","2022-10-12 09:47:36.332566","CarbonArc","production","Dierks Bentley"
375,1374,"create","2022-10-12 09:47:36.332566","CarbonArc","production","Jonas Brothers"
376,1375,"create","2022-10-12 09:47:36.332566","CarbonArc","production","Céline Dion"
377,1376,"create","2022-10-12 09:47:36.332566","CarbonArc","production","Nelly Furtado"
378,1377,"create","2022-10-12 09:47:36.332566","CarbonArc","production","Lord Huron"
379,1378,"create","2022-10-12 09:47:36.332566","CarbonArc","production","Maren Morris"
380,1379,"create","2022-10-12 09:47:36.332566","CarbonArc","production","HARDY"
381,1380,"create","2022-10-12 09:47:36.332566","CarbonArc","production","Mary J. Blige"
382,1381,"create","2022-10-12 09:47:36.332566","CarbonArc","production","The Script"
383,1382,"create","2022-10-12 09:47:36.332566","CarbonArc","production","Amy Winehouse"
384,1383,"create","2022-10-12 09:47:36.332566","CarbonArc","production","Bailey Zimmerman"
385,1384,"create","2022-10-12 09:47:36.332566","CarbonArc","production","Breaking Benjamin"
386,1385,"create","2022-10-12 09:47:36.332566","CarbonArc","production","Bones"
387,1386,"create","2022-10-12 09:47:36.332566","CarbonArc","production","Money Man"
388,1387,"create","2022-10-12 09:47:36.332566","CarbonArc","production","Mumford & Sons"
389,1388,"create","2022-10-12 09:47:36.332566","CarbonArc","production","aespa"
390,1389,"create","2022-10-12 09:47:36.332566","CarbonArc","production","Miguel"
391,1390,"create","2022-10-12 09:47:36.332566","CarbonArc","production","Elley Duhé"
392,1391,"create","2022-10-12 09:47:36.332566","CarbonArc","production","Oliver Tree"
393,1392,"create","2022-10-12 09:47:36.332566","CarbonArc","production","ZAYN"
394,1393,"create","2022-10-12 09:47:36.332566","CarbonArc","production","El Fantasma"
395,1394,"create","2022-10-12 09:47:36.332566","CarbonArc","production","Ski Mask The Slump God"
396,1395,"create","2022-10-12 09:47:36.332566","CarbonArc","production","Van Morrison"
397,1396,"create","2022-10-12 09:47:36.332566","CarbonArc","production","Shania Twain"
398,1397,"create","2022-10-12 09:47:36.332566","CarbonArc","production","The Smiths"
399,1398,"create","2022-10-12 09:47:36.332566","CarbonArc","production","Limp Bizkit"
400,1399,"create","2022-10-12 09:47:36.332566","CarbonArc","production","Stromae"
401,1400,"create","2022-10-12 09:47:36.332566","CarbonArc","production","iann dior"
402,1401,"create","2022-10-12 09:47:36.332566","CarbonArc","production","ITZY"
403,1402,"create","2022-10-12 09:47:36.332566","CarbonArc","production","Red Velvet"
404,1403,"create","2022-10-12 09:47:36.332566","CarbonArc","production","PARTYNEXTDOOR"
405,1404,"create","2022-10-12 09:47:36.332566","CarbonArc","production","LANY"
406,1405,"create","2022-10-12 09:47:36.332566","CarbonArc","production","Old Dominion"
407,1406,"create","2022-10-12 09:47:36.332566","CarbonArc","production","Phoebe Bridgers"
408,1407,"create","2022-10-12 09:47:36.332566","CarbonArc","production","Enya"
409,1408,"create","2022-10-12 09:47:36.332566","CarbonArc","production","Jennifer Lopez"
410,1409,"create","2022-10-12 09:47:36.332566","CarbonArc","production","Alice In Chains"
411,1410,"create","2022-10-12 09:47:36.332566","CarbonArc","production","Upchurch"
412,1411,"create","2022-10-12 09:47:36.332566","CarbonArc","production","Koe Wetzel"
413,1412,"create","2022-10-12 09:47:36.332566","CarbonArc","production","Bastille"
414,1413,"create","2022-10-12 09:47:36.332566","CarbonArc","production","Ryan Castro"
415,1414,"create","2022-10-12 09:47:36.332566","CarbonArc","production","Los Tucanes De Tijuana"
416,1415,"create","2022-10-12 09:47:36.332566","CarbonArc","production","Snoop Dogg"
417,1416,"create","2022-10-12 09:47:36.332566","CarbonArc","production","EST Gee"
418,1417,"create","2022-10-12 09:47:36.332566","CarbonArc","production","Mötley Crüe"
419,1418,"create","2022-10-12 09:47:36.332566","CarbonArc","production","Cris Mj"
420,1419,"create","2022-10-12 09:47:36.332566","CarbonArc","production","Wallows"
421,1420,"create","2022-10-12 09:47:36.332566","CarbonArc","production","Beach House"
422,1421,"create","2022-10-12 09:47:36.332566","CarbonArc","production","Alejandro Fernández"
423,1422,"create","2022-10-12 09:47:36.332566","CarbonArc","production","Nas"
424,1423,"create","2022-10-12 09:47:36.332566","CarbonArc","production","Manuel Turizo"
425,1424,"create","2022-10-12 09:47:36.332566","CarbonArc","production","The Walters"
426,1425,"create","2022-10-12 09:47:36.332566","CarbonArc","production","Falling In Reverse"
427,1426,"create","2022-10-12 09:47:36.332566","CarbonArc","production","Ivan Cornejo"
428,1427,"create","2022-10-12 09:47:36.332566","CarbonArc","production","Rae Sremmurd"
429,1428,"create","2022-10-12 09:47:36.332566","CarbonArc","production","Destiny's Child"
430,1429,"create","2022-10-12 09:47:36.332566","CarbonArc","production","NEFFEX"
431,1430,"create","2022-10-12 09:47:36.332566","CarbonArc","production","Niall Horan"
432,1431,"create","2022-10-12 09:47:36.332566","CarbonArc","production","Alessia Cara"
433,1432,"create","2022-10-12 09:47:36.332566","CarbonArc","production","Ruth B."
434,1433,"create","2022-10-12 09:47:36.332566","CarbonArc","production","Tears For Fears"
435,1434,"create","2022-10-12 09:47:36.332566","CarbonArc","production","Tool"
436,1435,"create","2022-10-12 09:47:36.332566","CarbonArc","production","Papa Roach"
437,1436,"create","2022-10-12 09:47:36.332566","CarbonArc","production","Dustin Lynch"
438,1437,"create","2022-10-12 09:47:36.332566","CarbonArc","production","SAINt JHN"
439,1438,"create","2022-10-12 09:47:36.332566","CarbonArc","production","Kelsea Ballerini"
440,1439,"create","2022-10-12 09:47:36.332566","CarbonArc","production","Foster The People"
441,1440,"create","2022-10-12 09:47:36.332566","CarbonArc","production","Yuuri"
442,1441,"create","2022-10-12 09:47:36.332566","CarbonArc","production","Chris Young"
443,1442,"create","2022-10-12 09:47:36.332566","CarbonArc","production","Rage Against The Machine"
444,1443,"create","2022-10-12 09:47:36.332566","CarbonArc","production","Rascal Flatts"
445,1444,"create","2022-10-12 09:47:36.332566","CarbonArc","production","MGMT"
446,1445,"create","2022-10-12 09:47:36.332566","CarbonArc","production","Anirudh Ravichander"
447,1446,"create","2022-10-12 09:47:36.332566","CarbonArc","production","Nardo Wick"
448,1447,"create","2022-10-12 09:47:36.332566","CarbonArc","production","Joey Bada$$"
449,1448,"create","2022-10-12 09:47:36.332566","CarbonArc","production","King Gnu"
450,1449,"create","2022-10-12 09:47:36.332566","CarbonArc","production","G Herbo"
451,1450,"create","2022-10-12 09:47:36.332566","CarbonArc","production","PNL"
452,1451,"create","2022-10-12 09:47:36.332566","CarbonArc","production","Asake"
453,1452,"create","2022-10-12 09:47:36.332566","CarbonArc","production","Grupo Marca Registrada"
454,1453,"create","2022-10-12 09:47:36.332566","CarbonArc","production","The Smashing Pumpkins"
455,1454,"create","2022-10-12 09:47:36.332566","CarbonArc","production","Kacey Musgraves"
456,1455,"create","2022-10-12 09:47:36.332566","CarbonArc","production","Los Bukis"
457,1456,"create","2022-10-12 09:47:36.332566","CarbonArc","production","George Michael"
458,1457,"create","2022-10-12 09:47:36.332566","CarbonArc","production","TV Girl"
459,1458,"create","2022-10-12 09:47:36.332566","CarbonArc","production","Toby Keith"
460,1459,"create","2022-10-12 09:47:36.332566","CarbonArc","production","Dominic Fike"
461,1460,"create","2022-10-12 09:47:36.332566","CarbonArc","production","Parker McCollum"
462,1461,"create","2022-10-12 09:47:36.332566","CarbonArc","production","The Cure"
463,1462,"create","2022-10-12 09:47:36.332566","CarbonArc","production","Tove Lo"
464,1463,"create","2022-10-12 09:47:36.332566","CarbonArc","production","Blxst"
465,1464,"create","2022-10-12 09:47:36.332566","CarbonArc","production","Los Ángeles Azules"
466,1465,"create","2022-10-12 09:47:36.332566","CarbonArc","production","Dove Cameron"
467,1466,"create","2022-10-12 09:47:36.332566","CarbonArc","production","Juan Gabriel"
468,1467,"create","2022-10-12 09:47:36.332566","CarbonArc","production","Def Leppard"
469,1468,"create","2022-10-12 09:47:36.332566","CarbonArc","production","TOTO"
470,1469,"create","2022-10-12 09:47:36.332566","CarbonArc","production","Plan B"
471,1470,"create","2022-10-12 09:47:36.332566","CarbonArc","production","Jeremih"
472,1471,"create","2022-10-12 09:47:36.332566","CarbonArc","production","Black Sabbath"
473,1472,"create","2022-10-12 09:47:36.332566","CarbonArc","production","Jason Mraz"
474,1473,"create","2022-10-12 09:47:36.332566","CarbonArc","production","The Game"
475,1474,"create","2022-10-12 09:47:36.332566","CarbonArc","production","Tai Verdes"
476,1475,"create","2022-10-12 09:47:36.332566","CarbonArc","production","Saweetie"
477,1476,"create","2022-10-12 09:47:36.332566","CarbonArc","production","NoCap"
478,1477,"create","2022-10-12 09:47:36.332566","CarbonArc","production","Vaundy"
479,1478,"create","2022-10-12 09:47:36.332566","CarbonArc","production","The Goo Goo Dolls"
480,1479,"create","2022-10-12 09:47:36.332566","CarbonArc","production","Milky Chance"
481,1480,"create","2022-10-12 09:47:36.332566","CarbonArc","production","KISS"
482,1481,"create","2022-10-12 09:47:36.332566","CarbonArc","production","Charli XCX"
483,1482,"create","2022-10-12 09:47:36.332566","CarbonArc","production","Calum Scott"
484,1483,"create","2022-10-12 09:47:36.332566","CarbonArc","production","Alfredo Olivas"
485,1484,"create","2022-10-12 09:47:36.332566","CarbonArc","production","Jelly Roll"
486,1485,"create","2022-10-12 09:47:36.332566","CarbonArc","production","R.E.M."
487,1486,"create","2022-10-12 09:47:36.332566","CarbonArc","production","3 Doors Down"
488,1487,"create","2022-10-12 09:47:36.332566","CarbonArc","production","NAV"
489,1488,"create","2022-10-12 09:47:36.332566","CarbonArc","production","The Doors"
490,1489,"create","2022-10-12 09:47:36.332566","CarbonArc","production","Selena"
491,1490,"create","2022-10-12 09:47:36.332566","CarbonArc","production","Bill Withers"
492,1491,"create","2022-10-12 09:47:36.332566","CarbonArc","production","Andy Grammer"
493,1492,"create","2022-10-12 09:47:36.332566","CarbonArc","production","Zé Neto & Cristiano"
494,1493,"create","2022-10-12 09:47:36.332566","CarbonArc","production","Los Dos Carnales"
495,1494,"create","2022-10-12 09:47:36.332566","CarbonArc","production","The Score"
496,1495,"create","2022-10-12 09:47:36.332566","CarbonArc","production","Evanescence"
497,1496,"create","2022-10-12 09:47:36.332566","CarbonArc","production","Surfaces"
498,1497,"create","2022-10-12 09:47:36.332566","CarbonArc","production","Scorpions"
499,1498,"create","2022-10-12 09:47:36.332566","CarbonArc","production","Pierce The Veil"
500,1499,"create","2022-10-12 09:47:36.332566","CarbonArc","production","Tulus"
