"log_id","entity_id","action","created_ts","created_by","status","name","company_id"
1,3000,"create","2022-11-08 21:15:06.481974","CarbonArc","production","1000bulbs.Com",3585
2,3001,"create","2022-11-08 21:15:06.481974","CarbonArc","production","1000 Degrees Neapolitan Pizzeria",3586
3,3002,"create","2022-11-08 21:15:06.481974","CarbonArc","production","1000 Hills",3587
4,3003,"create","2022-11-08 21:15:06.481974","CarbonArc","production","1000-Lb Sisters",4041
5,3004,"create","2022-11-08 21:15:06.481974","CarbonArc","production","1001pact Sas",3588
6,3005,"create","2022-11-08 21:15:06.481974","CarbonArc","production","100coconuts.Com",3589
7,3006,"create","2022-11-08 21:15:06.481974","CarbonArc","production","100 Días Para Enamorarnos",3590
8,3007,"create","2022-11-08 21:15:06.481974","CarbonArc","production","100 Insure (Rob Graham Enterprises, Llc)",3591
9,3008,"create","2022-11-08 21:15:06.481974","CarbonArc","production","100 Montaditos",3592
10,3009,"create","2022-11-08 21:15:06.481974","CarbonArc","production","100peso",3593
11,3010,"create","2022-11-08 21:15:06.481974","CarbonArc","production","100% Rye Bread",3594
12,3011,"create","2022-11-08 21:15:06.481974","CarbonArc","production","101xp Games Limited",3595
13,3012,"create","2022-11-08 21:15:06.481974","CarbonArc","production","1047 Games, Llc",3596
14,3013,"create","2022-11-08 21:15:06.481974","CarbonArc","production","10 Barrel Brewing Co.",4001
15,3014,"create","2022-11-08 21:15:06.481974","CarbonArc","production","10 Box Cost Plus",3597
16,3015,"create","2022-11-08 21:15:06.481974","CarbonArc","production","10 Cloverfield Lane Movie",3598
17,3016,"create","2022-11-08 21:15:06.481974","CarbonArc","production","10 Fitness",3599
18,3017,"create","2022-11-08 21:15:06.481974","CarbonArc","production","10 Rounds",4004
19,3018,"create","2022-11-08 21:15:06.481974","CarbonArc","production","10 Spot",3600
20,3019,"create","2022-11-08 21:15:06.481974","CarbonArc","production","10x Genomics, Inc.",3601
21,3020,"create","2022-11-08 21:15:06.481974","CarbonArc","production","10zig Technology",3602
22,3021,"create","2022-11-08 21:15:06.481974","CarbonArc","production","1105 Media Inc.",3603
23,3022,"create","2022-11-08 21:15:06.481974","CarbonArc","production","110 Grill",3604
24,3023,"create","2022-11-08 21:15:06.481974","CarbonArc","production","1.1.1.1: Faster & Safer Internet",4011
25,3024,"create","2022-11-08 21:15:06.481974","CarbonArc","production","11:11 Music Group",3605
26,3025,"create","2022-11-08 21:15:06.481974","CarbonArc","production","111percent Inc.",3606
27,3026,"create","2022-11-08 21:15:06.481974","CarbonArc","production","118 118 Money (Madison Cf Uk)",3607
28,3027,"create","2022-11-08 21:15:06.481974","CarbonArc","production","11 88 0 Internet Services Ag",3608
29,3028,"create","2022-11-08 21:15:06.481974","CarbonArc","production","11 Academia Networks Gmbh",3609
30,3029,"create","2022-11-08 21:15:06.481974","CarbonArc","production","11 Bit Studios S.A.",3610
31,3030,"create","2022-11-08 21:15:06.481974","CarbonArc","production","11bravos.Com",3611
32,3031,"create","2022-11-08 21:15:06.481974","CarbonArc","production","1 & 1 Energy Gmbh",3612
33,3032,"create","2022-11-08 21:15:06.481974","CarbonArc","production","11 Freunde",4016
34,3033,"create","2022-11-08 21:15:06.481974","CarbonArc","production","11freunde Verlag Gmbh & Co. Kg",3613
35,3034,"create","2022-11-08 21:15:06.481974","CarbonArc","production","11 Honore",3614
36,3035,"create","2022-11-08 21:15:06.481974","CarbonArc","production","1&1 Internet",4039
37,3036,"create","2022-11-08 21:15:06.481974","CarbonArc","production","11 Main",3615
38,3037,"create","2022-11-08 21:15:06.481974","CarbonArc","production","11usa Group",3616
39,3038,"create","2022-11-08 21:15:06.481974","CarbonArc","production","120-Day Plus",3617
40,3039,"create","2022-11-08 21:15:06.481974","CarbonArc","production","120 Santa Rita",3618
41,3040,"create","2022-11-08 21:15:06.481974","CarbonArc","production","121cast Pty Ltd",3619
42,3041,"create","2022-11-08 21:15:06.481974","CarbonArc","production","123greetings.Com, Inc",3620
43,3042,"create","2022-11-08 21:15:06.481974","CarbonArc","production","123milhas",3621
44,3043,"create","2022-11-08 21:15:06.481974","CarbonArc","production","123mymovies.Com",3622
45,3044,"create","2022-11-08 21:15:06.481974","CarbonArc","production","123 Personality Pte. Ltd.",3623
46,3045,"create","2022-11-08 21:15:06.481974","CarbonArc","production","123-Reg",3624
47,3046,"create","2022-11-08 21:15:06.481974","CarbonArc","production","123 Retail Ltd",3625
48,3047,"create","2022-11-08 21:15:06.481974","CarbonArc","production","123rf Limited",4018
49,3048,"create","2022-11-08 21:15:06.481974","CarbonArc","production","123 Sonography Gmbh",3626
50,3049,"create","2022-11-08 21:15:06.481974","CarbonArc","production","124 Spider",4032
51,3050,"create","2022-11-08 21:15:06.481974","CarbonArc","production","12 Meal Deal",3627
52,3051,"create","2022-11-08 21:15:06.481974","CarbonArc","production","12oz Coffee Joint Srl",3628
53,3052,"create","2022-11-08 21:15:06.481974","CarbonArc","production","1 2 Postres",3629
54,3053,"create","2022-11-08 21:15:06.481974","CarbonArc","production","12 Unicorn Party Favors",3630
55,3054,"create","2022-11-08 21:15:06.481974","CarbonArc","production","12volt.Solutions",3631
56,3055,"create","2022-11-08 21:15:06.481974","CarbonArc","production","12wbt Llc",3632
57,3056,"create","2022-11-08 21:15:06.481974","CarbonArc","production","1337 Consulting Gmbh",3633
58,3057,"create","2022-11-08 21:15:06.481974","CarbonArc","production","13 Fifty Apparel, Llc",3634
59,3058,"create","2022-11-08 21:15:06.481974","CarbonArc","production","13piab | Self",3635
60,3059,"create","2022-11-08 21:15:06.481974","CarbonArc","production","13 Sentinels: Aegis Rim",4003
61,3060,"create","2022-11-08 21:15:06.481974","CarbonArc","production","13th Street",3636
62,3061,"create","2022-11-08 21:15:06.481974","CarbonArc","production","1440 Media, Llc",3637
63,3062,"create","2022-11-08 21:15:06.481974","CarbonArc","production","1492 Studio",3638
64,3063,"create","2022-11-08 21:15:06.481974","CarbonArc","production","1520 (1520min.Com)",3639
65,3064,"create","2022-11-08 21:15:06.481974","CarbonArc","production","15five, Inc.",3640
66,3065,"create","2022-11-08 21:15:06.481974","CarbonArc","production","15sof (15 Seconds Of Fame, Inc.)",3641
67,3066,"create","2022-11-08 21:15:06.481974","CarbonArc","production","163.Com",3642
68,3067,"create","2022-11-08 21:15:06.481974","CarbonArc","production","1664 France",3643
69,3068,"create","2022-11-08 21:15:06.481974","CarbonArc","production","168 Market",3644
70,3069,"create","2022-11-08 21:15:06.481974","CarbonArc","production","16 Handles",3645
71,3070,"create","2022-11-08 21:15:06.481974","CarbonArc","production","1792 Bourbon",4031
72,3071,"create","2022-11-08 21:15:06.481974","CarbonArc","production","17th Street Bbq",3646
73,3072,"create","2022-11-08 21:15:06.481974","CarbonArc","production","1-800accountant",3647
74,3073,"create","2022-11-08 21:15:06.481974","CarbonArc","production","1-800-Ask-Gary",3648
75,3074,"create","2022-11-08 21:15:06.481974","CarbonArc","production","1-800 Contacts",3997
76,3075,"create","2022-11-08 21:15:06.481974","CarbonArc","production","1-800-Flowers.Com, Inc.",3649
77,3076,"create","2022-11-08 21:15:06.481974","CarbonArc","production","1800freshstart.Com",3650
78,3077,"create","2022-11-08 21:15:06.481974","CarbonArc","production","1-800-Got-Junk? Llc",3651
79,3078,"create","2022-11-08 21:15:06.481974","CarbonArc","production","1-800loanmart",3652
80,3079,"create","2022-11-08 21:15:06.481974","CarbonArc","production","1-800-Pack-Rat, Llc",3653
81,3080,"create","2022-11-08 21:15:06.481974","CarbonArc","production","1-800-Petmeds",3654
82,3081,"create","2022-11-08 21:15:06.481974","CarbonArc","production","1800 Tequila",4005
83,3082,"create","2022-11-08 21:15:06.481974","CarbonArc","production","1-800 Water Damage",3655
84,3083,"create","2022-11-08 21:15:06.481974","CarbonArc","production","1822direkt (Frankfurter Sparkasse)",3656
85,3084,"create","2022-11-08 21:15:06.481974","CarbonArc","production","1854 Media Ltd.",3657
86,3085,"create","2022-11-08 21:15:06.481974","CarbonArc","production","18 Ct Grade A Large",3658
87,3086,"create","2022-11-08 21:15:06.481974","CarbonArc","production","18th And Walnut Llc (Dagne Dover)",3659
88,3087,"create","2022-11-08 21:15:06.481974","CarbonArc","production","1907water",3660
89,3088,"create","2022-11-08 21:15:06.481974","CarbonArc","production","1915 Organic",3661
90,3089,"create","2022-11-08 21:15:06.481974","CarbonArc","production","1917 Movie",3662
91,3090,"create","2022-11-08 21:15:06.481974","CarbonArc","production","191 Game (Zibo Xun Us Network Technology Co., Ltd)",3663
92,3091,"create","2022-11-08 21:15:06.481974","CarbonArc","production","1939 Games",3664
93,3092,"create","2022-11-08 21:15:06.481974","CarbonArc","production","19 Crimes",4038
94,3093,"create","2022-11-08 21:15:06.481974","CarbonArc","production","1balance",3665
95,3094,"create","2022-11-08 21:15:06.481974","CarbonArc","production","1click Llc",3666
96,3095,"create","2022-11-08 21:15:06.481974","CarbonArc","production","1clickprint (Ixion Limited)",3667
97,3096,"create","2022-11-08 21:15:06.481974","CarbonArc","production","1c Online Games",3668
98,3097,"create","2022-11-08 21:15:06.481974","CarbonArc","production","1control Srl",3669
99,3098,"create","2022-11-08 21:15:06.481974","CarbonArc","production","1devis.Io",3670
100,3099,"create","2022-11-08 21:15:06.481974","CarbonArc","production","1dm: Browser & Downloader",4040
101,3100,"create","2022-11-08 21:15:06.481974","CarbonArc","production","1e Ltd",3671
102,3101,"create","2022-11-08 21:15:06.481974","CarbonArc","production","1 In 6 Snacks",3672
103,3102,"create","2022-11-08 21:15:06.481974","CarbonArc","production","1k Words",3673
104,3103,"create","2022-11-08 21:15:06.481974","CarbonArc","production","1lss Inc.",3674
105,3104,"create","2022-11-08 21:15:06.481974","CarbonArc","production","1million Corporation",3675
106,3105,"create","2022-11-08 21:15:06.481974","CarbonArc","production","1more",3676
107,3106,"create","2022-11-08 21:15:06.481974","CarbonArc","production","1nce",3677
108,3107,"create","2022-11-08 21:15:06.481974","CarbonArc","production","1password (Agilebits, Inc.)",3678
109,3108,"create","2022-11-08 21:15:06.481974","CarbonArc","production","1sansome",3679
110,3109,"create","2022-11-08 21:15:06.481974","CarbonArc","production","1 Series",4008
111,3110,"create","2022-11-08 21:15:06.481974","CarbonArc","production","1st Bank (Firstbank Holding Company)",3680
112,3111,"create","2022-11-08 21:15:06.481974","CarbonArc","production","1st Class Medical",3681
113,3112,"create","2022-11-08 21:15:06.481974","CarbonArc","production","1st Contact Group",3682
114,3113,"create","2022-11-08 21:15:06.481974","CarbonArc","production","1stdibs, Inc.",3683
115,3114,"create","2022-11-08 21:15:06.481974","CarbonArc","production","1st Franklin Financial",3684
116,3115,"create","2022-11-08 21:15:06.481974","CarbonArc","production","1-Stop",3685
117,3116,"create","2022-11-08 21:15:06.481974","CarbonArc","production","1 Stop Food",3686
118,3117,"create","2022-11-08 21:15:06.481974","CarbonArc","production","1st Phorm International",3687
119,3118,"create","2022-11-08 21:15:06.481974","CarbonArc","production","1thrive Llc",3688
120,3119,"create","2022-11-08 21:15:06.481974","CarbonArc","production","1up",4044
121,3120,"create","2022-11-08 21:15:06.481974","CarbonArc","production","1upmore",3689
122,3121,"create","2022-11-08 21:15:06.481974","CarbonArc","production","1 Up Nutrition",3690
123,3122,"create","2022-11-08 21:15:06.481974","CarbonArc","production","1 $ Zone",3691
124,3123,"create","2022-11-08 21:15:06.481974","CarbonArc","production","2000 Ad",4030
125,3124,"create","2022-11-08 21:15:06.481974","CarbonArc","production","2000trees",3692
126,3125,"create","2022-11-08 21:15:06.481974","CarbonArc","production","2008 Suv",4028
127,3126,"create","2022-11-08 21:15:06.481974","CarbonArc","production","2022 Benefits Helpline",3693
128,3127,"create","2022-11-08 21:15:06.481974","CarbonArc","production","2048",4019
129,3128,"create","2022-11-08 21:15:06.481974","CarbonArc","production","2080 Media, Inc.",3694
130,3129,"create","2022-11-08 21:15:06.481974","CarbonArc","production","20i Ltd.",3695
131,3130,"create","2022-11-08 21:15:06.481974","CarbonArc","production","20 Minutes France Sas",3696
132,3131,"create","2022-11-08 21:15:06.481974","CarbonArc","production","20 Minutos Editora",3697
133,3132,"create","2022-11-08 21:15:06.481974","CarbonArc","production","20th Street Products",3698
134,3133,"create","2022-11-08 21:15:06.481974","CarbonArc","production","21 Bridges Movie",3699
135,3134,"create","2022-11-08 21:15:06.481974","CarbonArc","production","21c Museum Hotels Llc",3700
136,3135,"create","2022-11-08 21:15:06.481974","CarbonArc","production","21 Day Fix",4004
137,3136,"create","2022-11-08 21:15:06.481974","CarbonArc","production","21st Amendment",3701
138,3137,"create","2022-11-08 21:15:06.481974","CarbonArc","production","21st Century Energy Group",3702
139,3138,"create","2022-11-08 21:15:06.481974","CarbonArc","production","21st Century Formulations",3703
140,3139,"create","2022-11-08 21:15:06.481974","CarbonArc","production","21st Century Insurance",3704
141,3140,"create","2022-11-08 21:15:06.481974","CarbonArc","production","21 Threads",3705
142,3141,"create","2022-11-08 21:15:06.481974","CarbonArc","production","21uscity.Com",3706
143,3142,"create","2022-11-08 21:15:06.481974","CarbonArc","production","21usdeal.Com",3707
144,3143,"create","2022-11-08 21:15:06.481974","CarbonArc","production","220 Triathlon",4017
145,3144,"create","2022-11-08 21:15:06.481974","CarbonArc","production","22publishing S.R.L.",3708
146,3145,"create","2022-11-08 21:15:06.481974","CarbonArc","production","23.3 Srl",3709
147,3146,"create","2022-11-08 21:15:06.481974","CarbonArc","production","234 Player Mini Games",4006
148,3147,"create","2022-11-08 21:15:06.481974","CarbonArc","production","23andMe, Inc",3710
149,3148,"create","2022-11-08 21:15:06.481974","CarbonArc","production","24-7 Intouch, Inc.",3711
150,3149,"create","2022-11-08 21:15:06.481974","CarbonArc","production","247marketnews.Com",3712
151,3150,"create","2022-11-08 21:15:06.481974","CarbonArc","production","247sports",4026
152,3151,"create","2022-11-08 21:15:06.481974","CarbonArc","production","24 Hour Fitness",3713
153,3152,"create","2022-11-08 21:15:06.481974","CarbonArc","production","24hr Home Comfort Services",3714
154,3153,"create","2022-11-08 21:15:06.481974","CarbonArc","production","24 North Hotel Key West",3715
155,3154,"create","2022-11-08 21:15:06.481974","CarbonArc","production","24option",3716
156,3155,"create","2022-11-08 21:15:06.481974","CarbonArc","production","24 Sevres",3717
157,3156,"create","2022-11-08 21:15:06.481974","CarbonArc","production","24 Style",3718
158,3157,"create","2022-11-08 21:15:06.481974","CarbonArc","production","24x7 Group",3719
159,3158,"create","2022-11-08 21:15:06.481974","CarbonArc","production","25stanley",3720
160,3159,"create","2022-11-08 21:15:06.481974","CarbonArc","production","26.2 Brew (Marathon Brewing Company)",3721
161,3160,"create","2022-11-08 21:15:06.481974","CarbonArc","production","26th Street Liquor",3722
162,3161,"create","2022-11-08 21:15:06.481974","CarbonArc","production","280 Group Llc",3723
163,3162,"create","2022-11-08 21:15:06.481974","CarbonArc","production","288 Group Ltd.",3724
164,3163,"create","2022-11-08 21:15:06.481974","CarbonArc","production","2a5 Club",3725
165,3164,"create","2022-11-08 21:15:06.481974","CarbonArc","production","2begroup S.R.O.",3726
166,3165,"create","2022-11-08 21:15:06.481974","CarbonArc","production","2 Broke Girls",4026
167,3166,"create","2022-11-08 21:15:06.481974","CarbonArc","production","2 Brothers",3727
168,3167,"create","2022-11-08 21:15:06.481974","CarbonArc","production","2ced",3728
169,3168,"create","2022-11-08 21:15:06.481974","CarbonArc","production","2 Cheap Cars",3729
170,3169,"create","2022-11-08 21:15:06.481974","CarbonArc","production","2degrees (Two Degrees Mobile Ltd)",3730
171,3170,"create","2022-11-08 21:15:06.481974","CarbonArc","production","2ds",4025
172,3171,"create","2022-11-08 21:15:06.481974","CarbonArc","production","2 Friends Farm",3731
173,3172,"create","2022-11-08 21:15:06.481974","CarbonArc","production","2funguys",3732
174,3173,"create","2022-11-08 21:15:06.481974","CarbonArc","production","2glory Ug",3733
175,3174,"create","2022-11-08 21:15:06.481974","CarbonArc","production","2 Hearts Movie",3734
176,3175,"create","2022-11-08 21:15:06.481974","CarbonArc","production","2 In 1 Hair Trimmer",4023
177,3176,"create","2022-11-08 21:15:06.481974","CarbonArc","production","2jdb, Sas (Allergobox)",3735
178,3177,"create","2022-11-08 21:15:06.481974","CarbonArc","production","2k Games (Take-Two)",4033
179,3178,"create","2022-11-08 21:15:06.481974","CarbonArc","production","2 Min Ecologie",3736
180,3179,"create","2022-11-08 21:15:06.481974","CarbonArc","production","2nd & Charles",4009
181,3180,"create","2022-11-08 21:15:06.481974","CarbonArc","production","2nd Foods",3737
182,3181,"create","2022-11-08 21:15:06.481974","CarbonArc","production","2ndhnd.Com",3738
183,3182,"create","2022-11-08 21:15:06.481974","CarbonArc","production","2nd St. Creamery",3739
184,3183,"create","2022-11-08 21:15:06.481974","CarbonArc","production","2nd Street Liquor & Wine",3740
185,3184,"create","2022-11-08 21:15:06.481974","CarbonArc","production","2nd Swing",3741
186,3185,"create","2022-11-08 21:15:06.481974","CarbonArc","production","2night S.P.A.",3742
187,3186,"create","2022-11-08 21:15:06.481974","CarbonArc","production","2redbeans.Com",3743
188,3187,"create","2022-11-08 21:15:06.481974","CarbonArc","production","2 Series",4008
189,3188,"create","2022-11-08 21:15:06.481974","CarbonArc","production","2 Side It™",3744
190,3189,"create","2022-11-08 21:15:06.481974","CarbonArc","production","2squared Agency Ltd",3745
191,3190,"create","2022-11-08 21:15:06.481974","CarbonArc","production","2tech Ltd (Zerowater)",3746
192,3191,"create","2022-11-08 21:15:06.481974","CarbonArc","production","2 To Tango",3747
193,3192,"create","2022-11-08 21:15:06.481974","CarbonArc","production","3008 Suv",4028
194,3193,"create","2022-11-08 21:15:06.481974","CarbonArc","production","301 Services (Gmb Fitness) Inc.",3748
195,3194,"create","2022-11-08 21:15:06.481974","CarbonArc","production","303 Products",4015
196,3195,"create","2022-11-08 21:15:06.481974","CarbonArc","production","305 Fitness",3749
197,3196,"create","2022-11-08 21:15:06.481974","CarbonArc","production","305 Ice",3750
198,3197,"create","2022-11-08 21:15:06.481974","CarbonArc","production","305 Plastic Surgery",3751
199,3198,"create","2022-11-08 21:15:06.481974","CarbonArc","production","30 Minute Hit Ltd.",3752
200,3199,"create","2022-11-08 21:15:06.481974","CarbonArc","production","310 Nutrition, Llc",3753
201,3200,"create","2022-11-08 21:15:06.481974","CarbonArc","production","310 Recovery",3754
202,3201,"create","2022-11-08 21:15:06.481974","CarbonArc","production","313 Urban Chips",3755
203,3202,"create","2022-11-08 21:15:06.481974","CarbonArc","production","314 Hot Sauce",3756
204,3203,"create","2022-11-08 21:15:06.481974","CarbonArc","production","3:16 Collection",3757
205,3204,"create","2022-11-08 21:15:06.481974","CarbonArc","production","31metrescarres.Fr",3758
206,3205,"create","2022-11-08 21:15:06.481974","CarbonArc","production","3.1 Phillip Lim Retail, Llc",3759
207,3206,"create","2022-11-08 21:15:06.481974","CarbonArc","production","3-2-1 Party",3760
208,3207,"create","2022-11-08 21:15:06.481974","CarbonArc","production","32degrees",3761
209,3208,"create","2022-11-08 21:15:06.481974","CarbonArc","production","32nd District Agricultural Association",3762
210,3209,"create","2022-11-17 21:18:31.285591","CarbonArc","production","32red Plc",4045
211,3210,"create","2022-11-08 21:15:06.481974","CarbonArc","production","34 Degrees, Llc",3763
212,3211,"create","2022-11-08 21:15:06.481974","CarbonArc","production","360 Bing Cherry",3764
213,3212,"create","2022-11-08 21:15:06.481974","CarbonArc","production","360 Blue, Llc",3765
214,3213,"create","2022-11-08 21:15:06.481974","CarbonArc","production","360 Coatings (Remarkable)",3766
215,3214,"create","2022-11-08 21:15:06.481974","CarbonArc","production","360 Medics",3767
216,3215,"create","2022-11-08 21:15:06.481974","CarbonArc","production","360 Smart Car",3768
217,3216,"create","2022-11-08 21:15:06.481974","CarbonArc","production","360 Tumble & Gymnastics",3769
218,3217,"create","2022-11-08 21:15:06.481974","CarbonArc","production","361 Degrees International Limited",3770
219,3218,"create","2022-11-08 21:15:06.481974","CarbonArc","production","361° Europe Bv",3771
220,3219,"create","2022-11-08 21:15:06.481974","CarbonArc","production","365",3999
221,3220,"create","2022-11-08 21:15:06.481974","CarbonArc","production","365canvas",3772
222,3221,"create","2022-11-08 21:15:06.481974","CarbonArc","production","365farmnet Gmbh",3773
223,3222,"create","2022-11-08 21:15:06.481974","CarbonArc","production","365Scores: Live Scores & News",3774
224,3223,"create","2022-11-08 21:15:06.481974","CarbonArc","production","37games",3775
225,3224,"create","2022-11-08 21:15:06.481974","CarbonArc","production","37 Jewelry (Rose Pear, Inc.)",3776
226,3225,"create","2022-11-08 21:15:06.481974","CarbonArc","production","37tal Sas",3777
227,3226,"create","2022-11-08 21:15:06.481974","CarbonArc","production","3balls, Llc",3778
228,3227,"create","2022-11-08 21:15:06.481974","CarbonArc","production","3bearsbodycare.Com",3779
229,3228,"create","2022-11-08 21:15:06.481974","CarbonArc","production","3bee S.R.L.",3780
230,3229,"create","2022-11-08 21:15:06.481974","CarbonArc","production","3bmeteo S.R.L.",3781
231,3230,"create","2022-11-08 21:15:06.481974","CarbonArc","production","3c4g",3782
232,3231,"create","2022-11-08 21:15:06.481974","CarbonArc","production","3chi",3783
233,3232,"create","2022-11-08 21:15:06.481974","CarbonArc","production","3CX",3784
234,3233,"create","2022-11-08 21:15:06.481974","CarbonArc","production","3 Daughters",3785
235,3234,"create","2022-11-08 21:15:06.481974","CarbonArc","production","3 Day Blinds Inc.",3786
236,3235,"create","2022-11-08 21:15:06.481974","CarbonArc","production","3d Cakes",3787
237,3236,"create","2022-11-08 21:15:06.481974","CarbonArc","production","3dcart",3788
238,3237,"create","2022-11-08 21:15:06.481974","CarbonArc","production","3d Dental Store",3789
239,3238,"create","2022-11-08 21:15:06.481974","CarbonArc","production","3d Energy Drinks",3790
240,3239,"create","2022-11-08 21:15:06.481974","CarbonArc","production","3dgames.Org",3791
241,3240,"create","2022-11-08 21:15:06.481974","CarbonArc","production","3d Laser Gifts",3792
242,3241,"create","2022-11-08 21:15:06.481974","CarbonArc","production","3doyunlar.Net",3793
243,3242,"create","2022-11-08 21:15:06.481974","CarbonArc","production","3dr Holdings, Llc",3794
244,3243,"create","2022-11-08 21:15:06.481974","CarbonArc","production","3ds",4025
245,3244,"create","2022-11-08 21:15:06.481974","CarbonArc","production","3d Systems, Inc.",3795
246,3245,"create","2022-11-08 21:15:06.481974","CarbonArc","production","3 Floyds",3796
247,3246,"create","2022-11-08 21:15:06.481974","CarbonArc","production","3ga Ltd",4010
248,3247,"create","2022-11-08 21:15:06.481974","CarbonArc","production","3h Group",3797
249,3248,"create","2022-11-08 21:15:06.481974","CarbonArc","production","3 Horse Ranch Vineyards",3798
250,3249,"create","2022-11-08 21:15:06.481974","CarbonArc","production","3 Howls",3799
251,3250,"create","2022-11-08 21:15:06.481974","CarbonArc","production","3i Inc. (Pivo)",3800
252,3251,"create","2022-11-08 21:15:06.481974","CarbonArc","production","3-In-One",4042
253,3252,"create","2022-11-08 21:15:06.481974","CarbonArc","production","3j Conseils",3801
254,3253,"create","2022-11-08 21:15:06.481974","CarbonArc","production","3labs Srl",3802
255,3254,"create","2022-11-08 21:15:06.481974","CarbonArc","production","3lau",3803
256,3255,"create","2022-11-08 21:15:06.481974","CarbonArc","production","3 Legged Thing",3804
257,3256,"create","2022-11-08 21:15:06.481974","CarbonArc","production","3M",3805
258,3257,"create","2022-11-08 21:15:06.481974","CarbonArc","production","3M Adhesive Films",3805
259,3258,"create","2022-11-08 21:15:06.481974","CarbonArc","production","3M Automotive Products",3805
260,3259,"create","2022-11-08 21:15:06.481974","CarbonArc","production","3M Claw",3805
261,3260,"create","2022-11-08 21:15:06.481974","CarbonArc","production","3M Command Products",3805
262,3261,"create","2022-11-08 21:15:06.481974","CarbonArc","production","3M Commercial Solutions",3805
263,3262,"create","2022-11-08 21:15:06.481974","CarbonArc","production","3M Dental Products",3805
264,3263,"create","2022-11-08 21:15:06.481974","CarbonArc","production","3 Meal Chuck Combo Pack",3806
265,3264,"create","2022-11-08 21:15:06.481974","CarbonArc","production","3 Meal Eye Of Round Combo",3807
266,3265,"create","2022-11-08 21:15:06.481974","CarbonArc","production","3M Industrial Products",3805
267,3266,"create","2022-11-08 21:15:06.481974","CarbonArc","production","3m Medical Technology",3805
268,3267,"create","2022-11-08 21:15:06.481974","CarbonArc","production","3m Patch Plus Primer",3805
269,3268,"create","2022-11-08 21:15:06.481974","CarbonArc","production","3M Safety Products (Non-Adhesive)",3805
270,3269,"create","2022-11-08 21:15:06.481974","CarbonArc","production","3 Musketeers",4021
271,3270,"create","2022-11-08 21:15:06.481974","CarbonArc","production","3 Nations Brewing Co",3808
272,3271,"create","2022-11-08 21:15:06.481974","CarbonArc","production","3nd S.R.L.",3809
273,3272,"create","2022-11-08 21:15:06.481974","CarbonArc","production","3 Notch Beer",3810
274,3273,"create","2022-11-08 21:15:06.481974","CarbonArc","production","3quotes",3811
275,3274,"create","2022-11-08 21:15:06.481974","CarbonArc","production","3 Ravens",3812
276,3275,"create","2022-11-08 21:15:06.481974","CarbonArc","production","3rd Home Limited",3813
277,3276,"create","2022-11-08 21:15:06.481974","CarbonArc","production","3roompackages.Com",3814
278,3277,"create","2022-11-08 21:15:06.481974","CarbonArc","production","3 Series",4008
279,3278,"create","2022-11-08 21:15:06.481974","CarbonArc","production","3 Sheeps Brewing",3815
280,3279,"create","2022-11-08 21:15:06.481974","CarbonArc","production","3store Italy",3816
281,3280,"create","2022-11-08 21:15:06.481974","CarbonArc","production","3 Suisses France (3si Group)",3817
282,3281,"create","2022-11-08 21:15:06.481974","CarbonArc","production","3 Tiles",4002
283,3282,"create","2022-11-08 21:15:06.481974","CarbonArc","production","3t Software Labs",3818
284,3283,"create","2022-11-08 21:15:06.481974","CarbonArc","production","3 Water",3819
285,3284,"create","2022-11-08 21:15:06.481974","CarbonArc","production","3zeros",3820
286,3285,"create","2022-11-08 21:15:06.481974","CarbonArc","production","4000 Ads Digital Advertising",3821
287,3286,"create","2022-11-08 21:15:06.481974","CarbonArc","production","404 Media, Llc",3822
288,3287,"create","2022-11-08 21:15:06.481974","CarbonArc","production","40cloud",3823
289,3288,"create","2022-11-08 21:15:06.481974","CarbonArc","production","40 Grados A La Sombra",3824
290,3289,"create","2022-11-08 21:15:06.481974","CarbonArc","production","411 Local Search Corp",3825
291,3290,"create","2022-11-08 21:15:06.481974","CarbonArc","production","411 West Italian Café",3826
292,3291,"create","2022-11-08 21:15:06.481974","CarbonArc","production","4204 Main St. Brewing Co",3827
293,3292,"create","2022-11-08 21:15:06.481974","CarbonArc","production","4223.Com",3828
294,3293,"create","2022-11-08 21:15:06.481974","CarbonArc","production","42 Below",3829
295,3294,"create","2022-11-08 21:15:06.481974","CarbonArc","production","43einhalb Gmbh",3830
296,3295,"create","2022-11-08 21:15:06.481974","CarbonArc","production","44 Derngate",3831
297,3296,"create","2022-11-08 21:15:06.481974","CarbonArc","production","44seven Media, Llc",3832
298,3297,"create","2022-11-08 21:15:06.481974","CarbonArc","production","4505 Meats",3833
299,3298,"create","2022-11-08 21:15:06.481974","CarbonArc","production","47 Brand",3834
300,3299,"create","2022-11-08 21:15:06.481974","CarbonArc","production","47 Meters Down Movie",3835
301,3300,"create","2022-11-08 21:15:06.481974","CarbonArc","production","47 Meters Down The Next Chapter: Uncaged Movie",3836
302,3301,"create","2022-11-08 21:15:06.481974","CarbonArc","production","47 Skin",3837
303,3302,"create","2022-11-08 21:15:06.481974","CarbonArc","production","47th Street",3838
304,3303,"create","2022-11-08 21:15:06.481974","CarbonArc","production","48 Hour Monogram",3839
305,3304,"create","2022-11-08 21:15:06.481974","CarbonArc","production","48hrbooks",3840
306,3305,"create","2022-11-08 21:15:06.481974","CarbonArc","production","4ad Records",3841
307,3306,"create","2022-11-08 21:15:06.481974","CarbonArc","production","4 Baby S.R.L.",3842
308,3307,"create","2022-11-08 21:15:06.481974","CarbonArc","production","4books Ltd",3843
309,3308,"create","2022-11-08 21:15:06.481974","CarbonArc","production","4cats Art Studio Inc.",3844
310,3309,"create","2022-11-08 21:15:06.481974","CarbonArc","production","4change Energy Company",3845
311,3310,"create","2022-11-08 21:15:06.481974","CarbonArc","production","4c Only, Inc.",3846
312,3311,"create","2022-11-08 21:15:06.481974","CarbonArc","production","4control Media, Inc.",3847
313,3312,"create","2022-11-08 21:15:06.481974","CarbonArc","production","4 C's Cookies",3848
314,3313,"create","2022-11-08 21:15:06.481974","CarbonArc","production","4cyte Pathology",3849
315,3314,"create","2022-11-08 21:15:06.481974","CarbonArc","production","4 Daughters",3850
316,3315,"create","2022-11-08 21:15:06.481974","CarbonArc","production","4d Master",3851
317,3316,"create","2022-11-08 21:15:06.481974","CarbonArc","production","4eck Media Gmbh",3852
318,3317,"create","2022-11-08 21:15:06.481974","CarbonArc","production","4fansites",3853
319,3318,"create","2022-11-08 21:15:06.481974","CarbonArc","production","4folio Gmbh",3854
320,3319,"create","2022-11-08 21:15:06.481974","CarbonArc","production","4G & 5G Networks",4036
321,3320,"create","2022-11-08 21:15:06.481974","CarbonArc","production","4grain",3855
322,3321,"create","2022-11-08 21:15:06.481974","CarbonArc","production","4 Grain",3856
323,3322,"create","2022-11-08 21:15:06.481974","CarbonArc","production","4 Hands Brewing Co.",3857
324,3323,"create","2022-11-08 21:15:06.481974","CarbonArc","production","4 Healthy Pets Nv",3858
325,3324,"create","2022-11-08 21:15:06.481974","CarbonArc","production","4hundred Gmbh",3859
326,3325,"create","2022-11-08 21:15:06.481974","CarbonArc","production","4imprint Inc.",3860
327,3326,"create","2022-11-08 21:15:06.481974","CarbonArc","production","4j Games",3861
328,3327,"create","2022-11-08 21:15:06.481974","CarbonArc","production","4k S.R.L.",3862
329,3328,"create","2022-11-08 21:15:06.481974","CarbonArc","production","4lb Duro Kraft Bags",3863
330,3329,"create","2022-11-08 21:15:06.481974","CarbonArc","production","4legs",3864
331,3330,"create","2022-11-08 21:15:06.481974","CarbonArc","production","4mas Grooming Inc.",3865
332,3331,"create","2022-11-08 21:15:06.481974","CarbonArc","production","4matic",4022
333,3332,"create","2022-11-08 21:15:06.481974","CarbonArc","production","4mm Ltd (Motorly)",3866
334,3333,"create","2022-11-08 21:15:06.481974","CarbonArc","production","4moms",4035
335,3334,"create","2022-11-08 21:15:06.481974","CarbonArc","production","4murs Sa",3867
336,3335,"create","2022-11-08 21:15:06.481974","CarbonArc","production","4ocean",3868
337,3336,"create","2022-11-08 21:15:06.481974","CarbonArc","production","4 Pillars Consulting Group",3869
338,3337,"create","2022-11-08 21:15:06.481974","CarbonArc","production","4 Pines Brewing Company",3870
339,3338,"create","2022-11-08 21:15:06.481974","CarbonArc","production","4play Wheels",3871
340,3339,"create","2022-11-08 21:15:06.481974","CarbonArc","production","4 Plus 1 Konzerte Gmbh",3872
341,3340,"create","2022-11-08 21:15:06.481974","CarbonArc","production","4pub Gmbh",3873
342,3341,"create","2022-11-08 21:15:06.481974","CarbonArc","production","4runner",4037
343,3342,"create","2022-11-08 21:15:06.481974","CarbonArc","production","4 Seasons Digital.Net Gmbh",3874
344,3343,"create","2022-11-08 21:15:06.481974","CarbonArc","production","4seating.Com",3875
345,3344,"create","2022-11-08 21:15:06.481974","CarbonArc","production","4 Series",4008
346,3345,"create","2022-11-08 21:15:06.481974","CarbonArc","production","4shared.Com",3876
347,3346,"create","2022-11-08 21:15:06.481974","CarbonArc","production","4 Star",3877
348,3347,"create","2022-11-08 21:15:06.481974","CarbonArc","production","4 State Trucks",3878
349,3348,"create","2022-11-08 21:15:06.481974","CarbonArc","production","4 Truck Enterprises, Llc",3879
350,3349,"create","2022-11-08 21:15:06.481974","CarbonArc","production","4uhair Unlimited",3880
351,3350,"create","2022-11-08 21:15:06.481974","CarbonArc","production","4-Way",3881
352,3351,"create","2022-11-08 21:15:06.481974","CarbonArc","production","4wheel Drive Hardware (4wd.Com)",3882
353,3352,"create","2022-11-08 21:15:06.481974","CarbonArc","production","4 Wheel Parts (Tap Worldwide, Llc)",3883
354,3353,"create","2022-11-08 21:15:06.481974","CarbonArc","production","5000 Broadway Productions",3884
355,3354,"create","2022-11-08 21:15:06.481974","CarbonArc","production","5008 Suv",4028
356,3355,"create","2022-11-08 21:15:06.481974","CarbonArc","production","500 Abarth",4032
357,3356,"create","2022-11-08 21:15:06.481974","CarbonArc","production","500c Cabrio",4032
358,3357,"create","2022-11-08 21:15:06.481974","CarbonArc","production","500l",4032
359,3358,"create","2022-11-08 21:15:06.481974","CarbonArc","production","500 La Prima",3885
360,3359,"create","2022-11-08 21:15:06.481974","CarbonArc","production","500 Level (Bored In Class, Llc)",3886
361,3360,"create","2022-11-08 21:15:06.481974","CarbonArc","production","500 Pop",4032
362,3361,"create","2022-11-08 21:15:06.481974","CarbonArc","production","500x",4032
363,3362,"create","2022-11-08 21:15:06.481974","CarbonArc","production","505 Games",3887
364,3363,"create","2022-11-08 21:15:06.481974","CarbonArc","production","508 Software, Llc",3888
365,3364,"create","2022-11-08 21:15:06.481974","CarbonArc","production","5,0 Biervertriebs-Gmbh",3889
366,3365,"create","2022-11-08 21:15:06.481974","CarbonArc","production","50 Floor, Inc.",3890
367,3366,"create","2022-11-08 21:15:06.481974","CarbonArc","production","50 States Of Beauty",3891
368,3367,"create","2022-11-08 21:15:06.481974","CarbonArc","production","50th State Poultry",3892
369,3368,"create","2022-11-08 21:15:06.481974","CarbonArc","production","50th Street Caboose",3893
370,3369,"create","2022-11-08 21:15:06.481974","CarbonArc","production","51parcel Ltd",3894
371,3370,"create","2022-11-08 21:15:06.481974","CarbonArc","production","5280 Salsa",3895
372,3371,"create","2022-11-08 21:15:06.481974","CarbonArc","production","535media, Llc.",3896
373,3372,"create","2022-11-08 21:15:06.481974","CarbonArc","production","54 Below Llc",3897
374,3373,"create","2022-11-08 21:15:06.481974","CarbonArc","production","54th Street Grill",3898
375,3374,"create","2022-11-08 21:15:06.481974","CarbonArc","production","55pixels Ltd.",3899
376,3375,"create","2022-11-08 21:15:06.481974","CarbonArc","production","56 Brewing",3900
377,3376,"create","2022-11-08 21:15:06.481974","CarbonArc","production","56k Media Srl",3901
378,3377,"create","2022-11-08 21:15:06.481974","CarbonArc","production","59e59 Theater",3902
379,3378,"create","2022-11-08 21:15:06.481974","CarbonArc","production","59th & Lex Café",3903
380,3379,"create","2022-11-08 21:15:06.481974","CarbonArc","production","5amily Ltd.",3904
381,3380,"create","2022-11-08 21:15:06.481974","CarbonArc","production","5b Artist Management",3905
382,3381,"create","2022-11-08 21:15:06.481974","CarbonArc","production","5b Movie",3906
383,3382,"create","2022-11-08 21:15:06.481974","CarbonArc","production","5ca Ltd.",3907
384,3383,"create","2022-11-08 21:15:06.481974","CarbonArc","production","5dent",3908
385,3384,"create","2022-11-08 21:15:06.481974","CarbonArc","production","5dimes Casino & Sportsbook",3909
386,3385,"create","2022-11-08 21:15:06.481974","CarbonArc","production","5econds Inc.",3910
387,3386,"create","2022-11-08 21:15:06.481974","CarbonArc","production","5 Gum",4021
388,3387,"create","2022-11-08 21:15:06.481974","CarbonArc","production","5-Hour Energy®",3911
389,3388,"create","2022-11-08 21:15:06.481974","CarbonArc","production","5 Minute Deals Inc.",3912
390,3389,"create","2022-11-08 21:15:06.481974","CarbonArc","production","5 Minute Fun",4017
391,3390,"create","2022-11-08 21:15:06.481974","CarbonArc","production","5 Series",4008
392,3391,"create","2022-11-08 21:15:06.481974","CarbonArc","production","5strands Affordable Testing",3913
393,3392,"create","2022-11-08 21:15:06.481974","CarbonArc","production","5th Avenue Theatre",3914
394,3393,"create","2022-11-08 21:15:06.481974","CarbonArc","production","5th & Baldwin",3915
395,3394,"create","2022-11-08 21:15:06.481974","CarbonArc","production","5th & Glow Pte Ltd (Truegenics Pte. Ltd.)",3916
396,3395,"create","2022-11-08 21:15:06.481974","CarbonArc","production","5vorflug",3917
397,3396,"create","2022-11-08 21:15:06.481974","CarbonArc","production","602abcwater",3918
398,3397,"create","2022-11-08 21:15:06.481974","CarbonArc","production","60 Days In",3998
399,3398,"create","2022-11-08 21:15:06.481974","CarbonArc","production","620 State Restaurant & Venue",3919
400,3399,"create","2022-11-08 21:15:06.481974","CarbonArc","production","64 Audio (1964 Ears, Llc)",3920
401,3400,"create","2022-11-08 21:15:06.481974","CarbonArc","production","64hydro",3921
402,3401,"create","2022-11-08 21:15:06.481974","CarbonArc","production","66girls Co., Ltd",3922
403,3402,"create","2022-11-08 21:15:06.481974","CarbonArc","production","68 Whiskey",4027
404,3403,"create","2022-11-08 21:15:06.481974","CarbonArc","production","6dollarshirts.Com",3923
405,3404,"create","2022-11-08 21:15:06.481974","CarbonArc","production","6 Ice",3924
406,3405,"create","2022-11-08 21:15:06.481974","CarbonArc","production","6 In 1",3925
407,3406,"create","2022-11-08 21:15:06.481974","CarbonArc","production","6pm",4043
408,3407,"create","2022-11-08 21:15:06.481974","CarbonArc","production","6 Series",4008
409,3408,"create","2022-11-08 21:15:06.481974","CarbonArc","production","6theory Media, Llc",3926
410,3409,"create","2022-11-08 21:15:06.481974","CarbonArc","production","701-44206-001",3927
411,3410,"create","2022-11-08 21:15:06.481974","CarbonArc","production","70 Calorie",3928
412,3411,"create","2022-11-08 21:15:06.481974","CarbonArc","production","70mai Co., Ltd.",3929
413,3412,"create","2022-11-08 21:15:06.481974","CarbonArc","production","717tix",3930
414,3413,"create","2022-11-08 21:15:06.481974","CarbonArc","production","750 Grams Limited (Heimgourmet) Gmbh",3931
415,3414,"create","2022-11-08 21:15:06.481974","CarbonArc","production","75 Wine Company",3932
416,3415,"create","2022-11-08 21:15:06.481974","CarbonArc","production","76 Gas",4029
417,3416,"create","2022-11-08 21:15:06.481974","CarbonArc","production","777.Com",3961
418,3417,"create","2022-11-08 21:15:06.481974","CarbonArc","production","77 Diamonds",3933
419,3418,"create","2022-11-08 21:15:06.481974","CarbonArc","production","77online (Styleboom Textilhandels Gmbh & Co. Kg)",3934
420,3419,"create","2022-11-08 21:15:06.481974","CarbonArc","production","78 Ketchup",3935
421,3420,"create","2022-11-08 21:15:06.481974","CarbonArc","production","7able Ltd",3936
422,3421,"create","2022-11-08 21:15:06.481974","CarbonArc","production","7bone Burger Co",3937
423,3422,"create","2022-11-08 21:15:06.481974","CarbonArc","production","7 Day",3938
424,3423,"create","2022-11-08 21:15:06.481974","CarbonArc","production","7 Days Magic",3939
425,3424,"create","2022-11-08 21:15:06.481974","CarbonArc","production","7days Performance",3940
426,3425,"create","2022-11-08 21:15:06.481974","CarbonArc","production","7days Snacks",3941
427,3426,"create","2022-11-08 21:15:06.481974","CarbonArc","production","7 Diamonds Clothing Co. Inc.",3942
428,3427,"create","2022-11-08 21:15:06.481974","CarbonArc","production","7-Eleven",3943
429,3428,"create","2022-11-08 21:15:06.481974","CarbonArc","production","7-Eleven (Private Label)",3943
430,3429,"create","2022-11-08 21:15:06.481974","CarbonArc","production","7 For All Mankind",4013
431,3430,"create","2022-11-08 21:15:06.481974","CarbonArc","production","7mind Gmbh",3944
432,3431,"create","2022-11-08 21:15:06.481974","CarbonArc","production","7 Moons Wine Co.",4012
433,3432,"create","2022-11-08 21:15:06.481974","CarbonArc","production","7 Pirates Games",3945
434,3433,"create","2022-11-08 21:15:06.481974","CarbonArc","production","7 Seas Brewing",3946
435,3434,"create","2022-11-08 21:15:06.481974","CarbonArc","production","7 Series",4008
436,3435,"create","2022-11-08 21:15:06.481974","CarbonArc","production","7shifts Employee Scheduling Software Inc.",3947
437,3436,"create","2022-11-08 21:15:06.481974","CarbonArc","production","7tickets",3948
438,3437,"create","2022-11-08 21:15:06.481974","CarbonArc","production","7UP",4020
439,3438,"create","2022-11-08 21:15:06.481974","CarbonArc","production","800 Degrees Woodfired Kitchen",3949
440,3439,"create","2022-11-08 21:15:06.481974","CarbonArc","production","800notes.Com",3950
441,3440,"create","2022-11-08 21:15:06.481974","CarbonArc","production","80 Day Obsession",4004
442,3441,"create","2022-11-08 21:15:06.481974","CarbonArc","production","80 Eighty Llc",3951
443,3442,"create","2022-11-08 21:15:06.481974","CarbonArc","production","80s Casual Classics",3952
444,3443,"create","2022-11-08 21:15:06.481974","CarbonArc","production","80stees.Com, Inc.",3953
445,3444,"create","2022-11-08 21:15:06.481974","CarbonArc","production","828 Media Llc",3954
446,3445,"create","2022-11-08 21:15:06.481974","CarbonArc","production","84 Lumber",3955
447,3446,"create","2022-11-08 21:15:06.481974","CarbonArc","production","85277342 Canada Inc. (Sense Of Art)",3956
448,3447,"create","2022-11-08 21:15:06.481974","CarbonArc","production","85 Cent Palloncini A Roma",3957
449,3448,"create","2022-11-08 21:15:06.481974","CarbonArc","production","85 Degrees C Bakery Cafe",3958
450,3449,"create","2022-11-08 21:15:06.481974","CarbonArc","production","85play",3959
451,3450,"create","2022-11-08 21:15:06.481974","CarbonArc","production","86 400 Ltd",3960
452,3451,"create","2022-11-08 21:15:06.481974","CarbonArc","production","888casino",3961
453,3452,"create","2022-11-08 21:15:06.481974","CarbonArc","production","888 Holdings Plc",3961
454,3453,"create","2022-11-08 21:15:06.481974","CarbonArc","production","888poker",3961
455,3454,"create","2022-11-08 21:15:06.481974","CarbonArc","production","888sport",3961
456,3455,"create","2022-11-08 21:15:06.481974","CarbonArc","production","88 Acres Foods, Inc.",3962
457,3456,"create","2022-11-08 21:15:06.481974","CarbonArc","production","88boutique",3963
458,3457,"create","2022-11-08 21:15:06.481974","CarbonArc","production","88nine (Radio Milwaukee)",3964
459,3458,"create","2022-11-08 21:15:06.481974","CarbonArc","production","88rising",3965
460,3459,"create","2022-11-08 21:15:06.481974","CarbonArc","production","8billionideas",3966
461,3460,"create","2022-11-08 21:15:06.481974","CarbonArc","production","8 Billion Trees",3967
462,3461,"create","2022-11-08 21:15:06.481974","CarbonArc","production","8cell, Inc.",3968
463,3462,"create","2022-11-08 21:15:06.481974","CarbonArc","production","8fat.Com",3969
464,3463,"create","2022-11-08 21:15:06.481974","CarbonArc","production","8fit (Urbanite Inc.)",3970
465,3464,"create","2022-11-08 21:15:06.481974","CarbonArc","production","8 Myles",3971
466,3465,"create","2022-11-08 21:15:06.481974","CarbonArc","production","8 O'Clock",3972
467,3466,"create","2022-11-08 21:15:06.481974","CarbonArc","production","8 Series",4008
468,3467,"create","2022-11-08 21:15:06.481974","CarbonArc","production","8tracks Inc",3973
469,3468,"create","2022-11-08 21:15:06.481974","CarbonArc","production","8x8 Inc.",3974
470,3469,"create","2022-11-08 21:15:06.481974","CarbonArc","production","90210",3975
471,3470,"create","2022-11-08 21:15:06.481974","CarbonArc","production","90 Day Fiance",4041
472,3471,"create","2022-11-08 21:15:06.481974","CarbonArc","production","90 Degree By Reflex",3976
473,3472,"create","2022-11-08 21:15:06.481974","CarbonArc","production","90 Seconds Ltd.",3977
474,3473,"create","2022-11-08 21:15:06.481974","CarbonArc","production","911 Escape Room",3978
475,3474,"create","2022-11-08 21:15:06.481974","CarbonArc","production","9-1-1 Lone Star",4014
476,3475,"create","2022-11-08 21:15:06.481974","CarbonArc","production","9/11 Memorial Museum",3979
477,3476,"create","2022-11-08 21:15:06.481974","CarbonArc","production","911 Restoration",3980
478,3477,"create","2022-11-08 21:15:06.481974","CarbonArc","production","9/1/2001",3981
479,3478,"create","2022-11-08 21:15:06.481974","CarbonArc","production","93street.It",3982
480,3479,"create","2022-11-08 21:15:06.481974","CarbonArc","production","999 Club",3983
481,3480,"create","2022-11-08 21:15:06.481974","CarbonArc","production","99brand",3984
482,3481,"create","2022-11-08 21:15:06.481974","CarbonArc","production","99 Brand",4031
483,3482,"create","2022-11-08 21:15:06.481974","CarbonArc","production","99 Cents Only Stores",3985
484,3483,"create","2022-11-08 21:15:06.481974","CarbonArc","production","99designs",3986
485,3484,"create","2022-11-08 21:15:06.481974","CarbonArc","production","99 Dollars Only",3987
486,3485,"create","2022-11-08 21:15:06.481974","CarbonArc","production","99only Stores",3988
487,3486,"create","2022-11-08 21:15:06.481974","CarbonArc","production","99 Ranch Market",3989
488,3487,"create","2022-11-08 21:15:06.481974","CarbonArc","production","99 Restaurant & Pub",4000
489,3488,"create","2022-11-08 21:15:06.481974","CarbonArc","production","99 Tecnologia Ltda",3990
490,3489,"create","2022-11-08 21:15:06.481974","CarbonArc","production","99 Walks (Macaroni Kid, Llc)",3991
491,3490,"create","2022-11-08 21:15:06.481974","CarbonArc","production","9e Art+",3992
492,3491,"create","2022-11-08 21:15:06.481974","CarbonArc","production","9 Elements",4034
493,3492,"create","2022-11-08 21:15:06.481974","CarbonArc","production","9gag, Inc",3993
494,3493,"create","2022-11-08 21:15:06.481974","CarbonArc","production","9honey",4024
495,3494,"create","2022-11-08 21:15:06.481974","CarbonArc","production","9 Hotel Collection",3994
496,3495,"create","2022-11-08 21:15:06.481974","CarbonArc","production","9lives",4007
497,3496,"create","2022-11-08 21:15:06.481974","CarbonArc","production","9 News",4024
498,3497,"create","2022-11-08 21:15:06.481974","CarbonArc","production","9now & 9 Tv (Ninetv (Formerly 9jumpin)",4024
499,3498,"create","2022-11-08 21:15:06.481974","CarbonArc","production","9round",3995
500,3499,"create","2022-11-08 21:15:06.481974","CarbonArc","production","A101 Yeni Magazacilik A.S.",3996
